student_id,country,age,gender,prior_gpa,admitted_program,target_success
1000,ES,30,F,2.970072801152074,BA,1
1001,IT,34,M,3.391259090336199,BA,1
1002,DE,26,F,3.776782334247115,BA,0
1003,IT,35,F,3.1840732775992033,CS,0
1004,LV,26,M,3.987445542678679,BIO,1
1005,IN,34,M,3.4485972090165307,CS,0
1006,LV,39,M,2.882600302942791,CS,1
1007,IT,29,F,3.4143557030644875,BA,0
1008,ES,29,F,3.8529701393543867,CS,1
1009,LK,26,F,3.999144491670667,CS,1
1010,IT,37,F,3.5934456722995405,BA,1
1011,PL,33,M,3.012837226829,BA,1
1012,ES,31,M,2.8916533729720397,CS,1
1013,IN,18,M,3.2880347517806956,BIO,0
1014,LK,20,M,3.8369872476355233,BIO,1
1015,IT,18,F,3.216884561107226,ENG,0
1016,LK,40,F,3.2272659359344056,ENG,1
1017,DE,40,M,3.025698927158546,BIO,1
1018,LK,19,M,2.836054468684394,BA,0
1019,LK,19,M,2.918932746678041,BA,0
1020,ES,39,M,3.067712992622765,CS,1
1021,IN,32,F,3.859049998119911,ENG,0
1022,IN,26,F,2.880143110734599,CS,1
1023,IN,34,M,3.0263060379556905,ENG,0
1024,LV,24,F,2.5673111697967457,BIO,1
1025,LV,23,M,3.3583155332365777,CS,1
1026,LV,27,F,3.683339589359141,ENG,1
1027,LK,42,F,3.812248922978378,BA,0
1028,DE,38,F,3.1016822623478553,BA,1
1029,ES,23,M,3.2871771416396176,ENG,1
1030,LK,33,F,2.923224838914981,CS,1
1031,LV,41,F,3.264009339847261,BIO,1
1032,LV,43,M,3.1569825762496073,BA,1
1033,DE,38,F,3.0291321936257436,BA,1
1034,ES,21,F,3.068876846138565,BIO,1
1035,LV,24,M,3.2259611416968244,CS,1
1036,PL,23,M,2.852923782577218,BA,1
1037,LV,22,M,2.8787516039609833,BIO,0
1038,DE,22,F,3.8536810068357767,BA,1
1039,ES,26,M,4.0,CS,1
1040,LK,32,F,2.397816525732978,BA,1
1041,IN,28,M,2.3702643978119706,BIO,1
1042,PL,29,F,2.521423586095925,BIO,1
1043,DE,24,M,2.9483557924807227,BIO,1
1044,IN,22,M,3.4478902555186286,BA,1
1045,PL,44,F,3.295626471024136,BIO,1
1046,LK,34,F,3.086015568390234,BA,1
1047,ES,24,M,3.2644677734789496,BIO,1
1048,PL,39,M,2.653956921685815,BIO,0
1049,PL,40,M,2.8779386141236905,CS,1
1050,LV,44,M,2.9899527258121017,BIO,1
1051,IT,22,M,2.2078918305640736,ENG,1
1052,IN,35,F,2.4193448976387018,ENG,1
1053,PL,44,F,2.4392169693611705,BIO,1
1054,PL,39,M,3.382054111841887,CS,1
1055,LV,24,F,3.122677474286208,ENG,1
1056,IN,42,M,3.3055306000369713,CS,1
1057,LK,29,F,2.080172505098768,BA,0
1058,PL,31,F,2.2582166569741986,CS,1
1059,LV,33,F,3.3316077201282477,CS,1
1060,IN,38,M,1.6106651791669746,BIO,1
1061,LK,21,F,3.612314678799902,BA,1
1062,DE,32,F,2.0883414282386052,BA,1
1063,PL,40,M,3.421672445962489,BA,0
1064,PL,32,F,2.555707687621519,ENG,0
1065,IT,25,M,3.5244518575857913,ENG,1
1066,ES,19,M,4.0,ENG,0
1067,IT,32,F,1.8634111849394372,BIO,1
1068,IN,36,M,3.3476885739303244,BA,1
1069,IT,32,F,2.09591864320313,BIO,0
1070,DE,44,F,3.213384461108752,BIO,1
1071,LV,34,M,2.896613918224053,ENG,1
1072,DE,31,F,3.0648911612309218,CS,1
1073,LK,19,F,2.5441568618358814,BA,1
1074,LK,33,F,3.39027055474825,ENG,1
1075,ES,22,M,2.2758210810148096,BA,0
1076,ES,37,F,3.62081863144937,BA,0
1077,PL,22,F,2.7953748466949087,BA,1
1078,LV,42,M,2.298654661298455,CS,1
1079,PL,26,F,3.797468411670349,CS,1
1080,ES,29,F,2.9663286735954233,BIO,1
1081,IT,21,F,3.953817985221013,CS,0
1082,LV,23,M,3.610678064656671,BIO,1
1083,PL,42,M,2.6009271476067823,BA,1
1084,IN,25,M,2.9575050995316254,BIO,1
1085,LK,31,F,3.060518969831787,BA,1
1086,ES,44,M,3.7631515999932197,BIO,0
1087,IT,34,M,3.2187588566835577,ENG,0
1088,PL,19,M,3.08814631054823,BIO,1
1089,LV,27,F,2.900060206450846,CS,1
1090,LK,28,M,2.9747214820726806,BIO,1
1091,IN,25,F,3.652296042839162,BA,1
1092,ES,24,M,3.0018526753987373,BA,0
1093,LK,31,M,2.8025013643509125,CS,1
1094,IN,28,F,2.7177464171931565,BIO,0
1095,DE,25,F,2.723117423081919,ENG,0
1096,LV,29,M,2.2989520019786176,BIO,1
1097,ES,27,F,2.6248123458367605,ENG,1
1098,IT,24,M,3.7492101378251617,CS,1
1099,PL,30,M,2.896700369716252,BA,0
1100,LK,43,F,3.352205834278049,BA,1
1101,DE,31,M,1.7606217410495828,CS,1
1102,IN,34,M,3.2841556544829396,BIO,1
1103,IT,44,F,2.919323647815443,BIO,1
1104,IT,34,F,2.7592799885547454,ENG,1
1105,PL,24,F,3.0904799787105657,ENG,0
1106,DE,28,F,2.7520873730939863,ENG,1
1107,IT,31,M,1.938062540055822,ENG,1
1108,ES,30,M,3.4611239705859687,CS,1
1109,LV,22,M,3.1215087806740964,ENG,1
1110,IT,20,F,2.843028772626074,BIO,1
1111,IN,27,M,2.5169073139637814,BIO,1
1112,LK,42,M,2.2650712419464325,ENG,0
1113,LV,37,M,3.111946353534029,BIO,1
1114,LK,40,F,3.8067204801126797,ENG,1
1115,LK,22,M,3.101583238370519,BA,1
1116,LK,29,M,2.308619196953587,BA,1
1117,IT,33,F,3.1125583635192013,ENG,0
1118,ES,29,M,2.973328518876636,BIO,1
1119,IT,29,F,3.432021813037115,CS,1
1120,IT,27,M,3.303366588705863,BA,1
1121,ES,19,M,1.5070887329450382,ENG,1
1122,LK,41,M,3.272621102214228,BIO,1
1123,LK,43,M,2.4982602952479582,BA,1
1124,IN,20,F,2.2891356292756506,ENG,1
1125,IT,29,M,2.905763294813218,CS,0
1126,LV,31,F,3.205485554515006,BA,1
1127,IN,39,M,2.179632694856588,BIO,1
1128,DE,44,F,3.3522882085287757,ENG,1
1129,ES,29,F,3.3816694237658,BIO,1
1130,LV,38,M,3.0234880981497487,CS,1
1131,LK,43,F,2.566188184886476,BA,0
1132,PL,40,M,2.510310997905354,BIO,1
1133,ES,25,M,3.512966065790114,BIO,1
1134,IT,40,F,2.2443886567520477,BIO,0
1135,PL,29,F,3.532235230409589,BA,0
1136,ES,18,M,2.917400420434782,BIO,1
1137,IN,38,M,2.9520827501785716,BA,1
1138,ES,40,F,2.1459561472933375,BIO,1
1139,IT,27,M,2.926641684935707,BIO,0
1140,LV,30,M,3.306792758005688,BA,1
1141,PL,27,F,2.3317949560740097,BA,0
1142,DE,21,M,3.249317933625923,BIO,1
1143,PL,44,M,3.0445061268395115,BA,1
1144,LV,18,F,2.678122193083847,BA,1
1145,ES,33,M,3.4273365432456524,ENG,1
1146,ES,18,M,1.898871615510722,BIO,1
1147,IN,36,M,3.1733403743718545,CS,0
1148,PL,42,F,3.809717579036646,BIO,1
1149,PL,35,F,3.7199715695503306,BA,1
1150,ES,34,F,3.194903360269261,CS,1
1151,DE,40,M,2.849159611934577,BA,1
1152,LV,44,M,2.6820987217261845,BA,1
1153,DE,41,F,2.848537103047179,ENG,1
1154,IN,24,M,3.271903623958953,ENG,0
1155,LK,33,M,2.596378097270292,CS,0
1156,DE,40,F,3.3787119090251903,BA,0
1157,ES,25,F,4.0,CS,1
1158,LK,36,F,2.9690583824363026,BA,1
1159,ES,18,M,2.3278025983583475,ENG,1
1160,DE,41,F,2.3276276268417937,BIO,1
1161,LK,34,M,3.388282775855788,CS,0
1162,DE,38,M,2.9701269105197783,ENG,1
1163,LK,40,M,3.4384154480320266,BA,0
1164,IT,23,F,2.7331828754203253,BA,1
1165,DE,30,M,3.4153117737699157,ENG,1
1166,ES,41,F,2.9208504132751374,CS,1
1167,ES,22,F,2.6337479723380253,BIO,0
1168,ES,40,F,2.7995007605988076,BA,0
1169,PL,25,M,2.401472822288382,CS,1
1170,IT,33,M,3.9946797792908058,BIO,0
1171,LV,31,F,2.9518090932207564,BIO,1
1172,LV,36,F,3.322257044341098,ENG,1
1173,ES,40,M,2.7315654335646005,ENG,1
1174,PL,27,M,2.4740360890100885,CS,0
1175,ES,22,F,2.883059744541032,BA,1
1176,IN,29,F,3.5505962666895994,BA,1
1177,DE,34,M,2.7396341043008583,BIO,1
1178,LV,38,M,2.5647340136352925,BA,1
1179,LK,38,F,3.077732122184572,ENG,0
1180,IT,27,M,3.249511300358872,BA,1
1181,IN,43,M,3.8214240844265914,ENG,1
1182,IT,20,F,3.1768752391862476,CS,1
1183,DE,21,M,3.3219963392656173,ENG,1
1184,IN,18,M,3.3596376184601606,CS,1
1185,DE,43,F,2.423492309033685,ENG,1
1186,LK,22,F,2.518333964765228,CS,1
1187,LV,34,F,2.4580518551971746,BIO,1
1188,IN,39,F,2.333927122154177,BIO,1
1189,IN,38,M,3.397729937435202,ENG,0
1190,IN,43,M,3.145025045831878,BIO,1
1191,IN,19,M,3.0397480315457246,BIO,1
1192,LK,28,M,1.7036417422988657,CS,0
1193,IN,31,F,4.0,ENG,1
1194,PL,36,M,2.552863997923222,BA,1
1195,PL,34,F,4.0,BIO,1
1196,LK,33,F,2.275379259674342,BIO,1
1197,ES,26,F,2.5937994207217314,BIO,0
1198,IT,20,M,1.898575308745185,BA,0
1199,LK,29,M,3.181062487971349,CS,1
1200,ES,25,F,2.4493715895943837,CS,1
1201,ES,32,M,2.463499922950823,CS,1
1202,IN,39,M,2.3137428914128013,BIO,1
1203,LV,32,F,3.3886775313689315,ENG,0
1204,LK,33,M,3.3557318257837734,BA,0
1205,LK,19,M,3.9060169455393927,BA,1
1206,PL,35,F,2.6571466894635134,CS,0
1207,IT,29,M,3.1094096855234,ENG,1
1208,ES,21,M,2.355332401299024,BA,1
1209,DE,23,M,2.832480488632341,BIO,1
1210,IN,39,F,2.740577343359411,CS,1
1211,PL,42,F,3.2322249787477104,BIO,0
1212,PL,31,M,3.5085109032090953,CS,0
1213,PL,44,F,3.49553334541575,BA,0
1214,DE,22,F,2.5785938638911947,BA,1
1215,PL,26,F,3.4992339523114997,ENG,1
1216,PL,43,M,2.9779574314461015,ENG,1
1217,IN,22,F,2.8377015520514925,CS,0
1218,LK,35,M,2.645744256590541,BA,1
1219,DE,23,F,2.720032102819224,ENG,0
1220,IN,26,F,3.8711569230981167,BA,1
1221,PL,30,F,3.153705383247012,CS,1
1222,LK,27,M,3.0873059237506024,CS,0
1223,LK,41,F,2.8688765707315267,ENG,1
1224,ES,44,F,4.0,BA,0
1225,LV,31,M,3.6525052444232124,ENG,1
1226,IT,32,M,2.6394689426006037,CS,1
1227,DE,19,F,2.863192472647688,ENG,1
1228,LV,24,F,2.892877728314545,CS,1
1229,LK,19,M,3.0729359891412997,ENG,1
1230,PL,41,F,2.649387003684282,BIO,0
1231,PL,24,F,3.219408261680848,BA,1
1232,ES,27,F,3.726044066019657,CS,1
1233,PL,40,M,2.3431859454979183,CS,0
1234,IN,37,F,2.4359266314539667,BA,1
1235,PL,34,F,2.7584207223513464,CS,1
1236,LV,19,F,2.7816022199460853,BIO,1
1237,LV,33,M,3.999232937372965,BIO,0
1238,LV,33,M,3.500854610007419,BIO,1
1239,IN,26,M,3.472161176059132,BIO,1
1240,IN,38,F,2.8678171532433,ENG,0
1241,LV,43,F,2.856843296606593,BA,0
1242,DE,24,F,2.274147293117301,BA,1
1243,PL,26,M,3.3908701140239086,BA,1
1244,IN,26,M,3.2455273024043927,BIO,1
1245,ES,40,F,3.642998682339142,BA,0
1246,LK,20,M,2.8945851433219163,BA,1
1247,ES,42,M,2.9291104268998014,ENG,1
1248,PL,38,M,3.085022764280318,BA,1
1249,PL,31,F,3.4459487877535477,BA,1
1250,IT,33,M,2.2648921889512605,CS,0
1251,DE,42,F,3.3680280668691873,CS,0
1252,IT,38,F,2.989752218913585,CS,1
1253,IN,25,F,2.4706813660231517,BA,1
1254,PL,19,M,1.9576971236729668,BIO,0
1255,IT,35,M,2.9317631440608234,BA,1
1256,IN,21,F,3.723856491637035,ENG,1
1257,IT,20,F,3.8373423333706977,BA,1
1258,IN,44,M,3.177688105335048,BA,1
1259,LV,30,M,3.9810028319211237,CS,1
1260,LK,35,F,2.9785294585216278,ENG,1
1261,LV,23,F,3.4766517758213906,ENG,1
1262,LK,20,F,2.7743845555467863,BA,1
1263,DE,19,F,2.742700580357926,ENG,1
1264,IT,27,M,2.661245441559682,BA,0
1265,ES,18,F,1.9697355264378438,BA,1
1266,DE,29,M,3.6435461299734557,ENG,0
1267,ES,26,M,2.679183780430992,ENG,1
1268,LV,32,M,2.5992806101224017,CS,0
1269,LV,33,M,2.410014159193662,BA,1
1270,ES,26,F,2.8978202817318586,BA,0
1271,LK,30,F,3.8817461552798713,BIO,1
1272,IN,20,M,4.0,BA,1
1273,PL,26,M,2.169566562098958,BIO,0
1274,DE,44,M,2.822776002011859,ENG,1
1275,LK,44,F,2.4828211149531505,CS,1
1276,IT,31,M,3.49416887060576,BA,1
1277,ES,43,F,3.1432967736469632,BIO,0
1278,DE,31,F,2.6817153363100825,BA,1
1279,IN,21,M,3.0362865402955097,ENG,1
1280,PL,41,F,2.7612906892961457,BIO,1
1281,LV,29,F,3.8071230471874484,ENG,1
1282,IN,34,F,3.273479757508019,CS,0
1283,LK,35,F,3.334911710458219,BA,0
1284,LV,26,M,1.6665412609835513,BA,1
1285,DE,37,M,2.9666056605855946,BA,0
1286,LK,31,M,4.0,BIO,0
1287,IT,27,F,3.663064535018342,CS,1
1288,ES,26,M,2.0764552070398485,ENG,0
1289,DE,38,M,2.843287083658203,BIO,0
1290,DE,24,F,2.399240267040639,BIO,1
1291,ES,21,M,3.855550780181435,ENG,1
1292,LK,41,M,3.1221391411379544,BIO,1
1293,PL,26,M,2.616102220134282,BA,1
1294,LK,35,M,3.0170789717703945,ENG,1
1295,PL,37,M,1.696317235465758,ENG,0
1296,IN,40,M,2.4575193482717115,CS,1
1297,DE,34,M,3.0182218629131548,CS,0
1298,ES,37,M,3.422837684226661,BIO,0
1299,LV,40,F,2.02934293970133,CS,1
1300,IT,43,M,2.8094223461487853,BA,1
1301,PL,19,M,3.504842869259411,ENG,1
1302,LV,38,F,2.274273337813364,ENG,0
1303,LK,22,M,3.1145914173920866,ENG,0
1304,LK,42,M,3.032987251553002,BIO,1
1305,LV,19,M,3.857190160178301,BIO,1
1306,LV,24,M,2.884931903444181,BIO,1
1307,LV,23,F,2.914199700812465,ENG,0
1308,DE,34,M,3.4274798765823444,BIO,0
1309,LV,18,M,2.3368256659753275,ENG,1
1310,LK,18,F,2.8895583967245706,ENG,1
1311,LV,31,M,2.7721374945797446,BIO,0
1312,IT,44,F,2.93054409364745,BIO,0
1313,ES,32,F,3.424203224481419,CS,0
1314,IT,30,M,3.2770807425410866,BIO,0
1315,ES,35,M,2.625658845735662,ENG,1
1316,ES,32,M,3.068349601663606,BIO,0
1317,LV,28,F,3.745220807050262,ENG,1
1318,DE,33,M,2.5843171506013474,BIO,1
1319,IT,18,F,3.0725833901985062,BA,1
1320,DE,24,M,2.9034196615306858,CS,1
1321,IT,36,M,2.9684974920816116,CS,0
1322,IT,27,M,2.1846711888752997,BA,0
1323,ES,19,F,3.705381427156102,CS,1
1324,DE,21,M,2.6128240495559085,BA,1
1325,DE,41,F,3.5130359850767663,CS,0
1326,LV,26,M,2.6893116959762446,CS,1
1327,PL,18,F,2.68724767405212,ENG,0
1328,PL,37,M,3.6065616252327333,BIO,0
1329,IN,32,F,3.496942301738962,CS,1
1330,DE,30,M,3.1043329494819916,ENG,1
1331,IT,42,M,3.38057527490316,ENG,1
1332,IT,26,F,2.8557236098718,ENG,1
1333,IT,33,M,2.995816186140555,CS,0
1334,LV,38,F,2.6691878037680903,ENG,0
1335,IN,34,M,3.45203247465013,CS,1
1336,IT,23,F,2.6532933344163236,CS,1
1337,PL,36,F,3.742578172468926,BA,1
1338,DE,38,F,2.8420829158400878,BIO,0
1339,IT,21,M,3.0102542820081672,CS,1
1340,IT,22,M,3.3793640103271674,BIO,1
1341,IT,36,M,3.011932210594791,BIO,1
1342,IN,21,F,2.851045842857345,BIO,1
1343,DE,41,M,2.9849882760957644,BA,1
1344,DE,20,F,3.446909176778792,CS,1
1345,LK,44,F,2.6685738889316473,CS,1
1346,DE,36,F,2.936881496363368,BIO,0
1347,DE,29,F,3.0051433636687377,CS,1
1348,PL,25,M,3.432292597763828,ENG,1
1349,IN,27,M,2.950077313064282,BA,1
1350,PL,38,M,3.904149547246861,BIO,1
1351,IN,38,M,2.9217307111424526,ENG,1
1352,ES,23,M,2.88115818079736,ENG,0
1353,IT,32,F,2.9144839391911344,BIO,1
1354,IN,44,F,2.341679285670995,BIO,1
1355,ES,24,M,2.4816365766206574,BA,1
1356,ES,36,F,2.7346665551304534,ENG,1
1357,IN,22,F,3.567914924425065,ENG,1
1358,IT,40,M,2.983436970318995,BIO,0
1359,DE,22,F,2.7576779051921467,BA,1
1360,ES,26,M,3.6132673728032976,BA,1
1361,DE,30,M,3.7755885664461304,BIO,1
1362,PL,28,M,3.6276912304538804,BIO,1
1363,LV,22,M,2.5734550013824213,ENG,1
1364,IT,35,F,2.752375689903172,CS,1
1365,DE,18,F,3.9068680351573595,BA,1
1366,IT,44,M,3.120569846000011,BA,0
1367,LV,19,M,2.8661864675519606,ENG,0
1368,IN,27,F,3.3591739806654184,ENG,1
1369,DE,43,M,3.5036495336790563,BIO,0
1370,IN,22,M,2.714275214535868,CS,1
1371,PL,19,F,3.1097199793099657,BA,0
1372,LV,38,M,3.463280034608529,ENG,1
1373,DE,19,M,2.4198564270200733,BIO,0
1374,IN,42,M,3.0061727287130697,CS,0
1375,IT,30,M,2.4428051734746425,BIO,1
1376,IN,41,M,2.5082097515365946,CS,1
1377,PL,24,M,2.718449961259848,CS,0
1378,PL,21,F,3.2385597689397354,BIO,0
1379,LK,43,M,2.8389886856809325,BIO,0
1380,IN,38,M,2.675790937515797,BIO,1
1381,ES,42,M,3.0257772816624797,ENG,0
1382,IN,26,M,2.426518635866785,ENG,1
1383,IN,28,F,3.214401608916955,ENG,1
1384,LV,33,F,3.565693380979155,ENG,1
1385,PL,30,F,2.960397979505994,ENG,1
1386,IT,24,M,2.898675503349896,BA,0
1387,DE,28,M,3.1867201766077846,BIO,1
1388,DE,34,F,1.9857652905842276,BA,1
1389,LK,19,M,3.2684087282989336,ENG,0
1390,LV,27,F,4.0,ENG,1
1391,IN,25,F,2.9386618894426397,ENG,1
1392,DE,19,M,2.9404374831418347,ENG,1
1393,PL,21,F,3.371803500049842,CS,1
1394,DE,31,M,3.8226663340989813,BA,0
1395,IN,20,M,3.4874839222170673,BA,1
1396,PL,27,F,1.9221965607082248,BA,1
1397,IN,33,F,3.2816994188313733,BIO,1
1398,IT,41,F,4.0,BIO,0
1399,PL,20,F,3.3112205233797325,ENG,0
1400,ES,29,M,2.4226990433641253,BA,1
1401,LK,20,M,3.140914812209307,CS,0
1402,IT,29,M,2.3596563743294663,BIO,0
1403,LV,30,M,3.6164018446344297,BIO,1
1404,IT,39,M,2.522058705986037,BA,1
1405,DE,29,M,3.0371218173460117,BIO,0
1406,LK,43,M,2.571109999004076,BIO,1
1407,IT,21,M,2.7267759712260045,ENG,1
1408,PL,19,M,3.7430753229302476,CS,1
1409,PL,18,F,3.0517285824468487,CS,0
1410,LV,27,F,2.72039876313714,BIO,0
1411,LK,23,M,2.427386014556639,ENG,1
1412,IT,20,F,2.064149256800282,CS,0
1413,DE,24,F,2.374359683238657,CS,1
1414,PL,44,F,3.055979620722189,BIO,0
1415,DE,39,F,3.4901168843613317,BA,1
1416,DE,18,M,2.7198242537888992,BA,1
1417,ES,42,M,3.7852718003595074,ENG,1
1418,LV,23,F,2.6412497888858866,BA,1
1419,DE,28,M,2.88099413856006,BIO,1
1420,LK,26,M,2.460211639831374,ENG,1
1421,PL,28,M,3.495380867283928,BA,1
1422,ES,38,M,4.0,BA,1
1423,ES,37,F,2.119091519531901,BIO,1
1424,DE,34,F,2.8269189656826508,ENG,1
1425,IT,34,M,3.6323899235250177,BIO,1
1426,IT,37,M,2.2765272392871996,BA,0
1427,LK,22,M,3.283341953485543,CS,1
1428,PL,28,M,3.6107361001037854,BIO,1
1429,LV,20,M,3.0391144071784186,CS,1
1430,DE,37,F,3.2751315354700665,BIO,1
1431,LV,29,M,3.880451193063804,ENG,1
1432,DE,35,F,3.9742132770505734,CS,1
1433,LK,33,F,2.9690163934827587,BIO,0
1434,LK,25,F,2.7338110753503835,CS,1
1435,PL,21,M,2.5400099444631516,BA,0
1436,LV,44,F,3.4884820752143564,BA,1
1437,PL,25,M,2.3141122211045158,ENG,0
1438,IN,20,M,2.873712981004399,ENG,1
1439,IT,26,M,3.051344885477233,ENG,0
1440,DE,42,F,2.7484987436406225,BA,1
1441,DE,25,M,3.139910132509562,ENG,1
1442,IN,44,F,4.0,CS,1
1443,LV,30,M,2.9392007048267286,ENG,0
1444,PL,41,M,2.7822971862863053,CS,0
1445,LV,35,F,3.5076659121909266,CS,1
1446,IN,19,F,3.119791822072761,ENG,1
1447,IN,31,F,3.719667885605688,CS,1
1448,LK,29,M,3.082343809909859,BIO,1
1449,LK,23,M,2.8757883960144834,CS,1
1450,DE,32,F,2.1081375559527222,CS,1
1451,ES,20,M,2.19013265309413,BIO,1
1452,ES,36,F,2.0821506547864486,CS,1
1453,LV,40,M,3.18966958314212,BIO,1
1454,ES,20,F,2.31887526006627,BA,1
1455,PL,30,F,3.6277886829596913,BIO,0
1456,PL,35,M,3.015123282427977,BIO,0
1457,IN,19,F,2.8779065404491657,CS,1
1458,LV,28,F,2.578072462397831,BA,1
1459,DE,24,M,3.311129374135103,ENG,1
1460,PL,19,F,2.5977510902287944,BIO,1
1461,IN,39,M,2.5073109979650594,CS,0
1462,IT,30,F,3.5941749603026745,CS,0
1463,ES,38,F,3.1773105803875112,BA,1
1464,PL,33,F,2.8825352858758637,CS,1
1465,IN,41,M,3.3207164923668584,BA,0
1466,IN,44,F,3.0044659365553494,CS,1
1467,DE,34,F,3.191506575225842,BIO,1
1468,LK,27,M,2.5915760488122723,BIO,1
1469,ES,29,F,4.0,CS,1
1470,DE,40,F,2.7101900161618877,ENG,1
1471,LV,29,F,3.7780081634749885,ENG,1
1472,ES,32,F,2.9055655753477616,ENG,1
1473,ES,23,F,3.4035485578274813,BIO,1
1474,DE,44,M,3.367111749513068,ENG,1
1475,IN,35,F,3.5734258775750227,ENG,0
1476,ES,26,F,2.5796881464179275,CS,1
1477,IN,33,M,3.537817700639431,CS,1
1478,IN,28,F,3.92321992545572,ENG,1
1479,ES,22,M,2.8706535103790713,BIO,0
1480,IT,41,F,3.017353033571061,BA,1
1481,IN,41,M,2.738276678759923,ENG,0
1482,PL,40,M,2.82678187390745,CS,1
1483,IN,27,F,3.8557113994662453,BA,1
1484,LK,24,M,2.4978827369348977,BIO,1
1485,PL,19,F,2.528940589074614,ENG,1
1486,IN,37,M,3.8054504682071886,CS,0
1487,LK,26,F,3.3122742129441813,BIO,1
1488,LV,42,M,4.0,BIO,1
1489,IN,41,M,2.774780681087073,BA,1
1490,IT,21,M,3.0631405686187847,BA,1
1491,PL,42,F,2.669661528114098,ENG,1
1492,IN,21,M,3.071650584323848,BIO,1
1493,LK,31,M,2.1129516513578483,BA,1
1494,LV,30,M,3.342477278327504,CS,1
1495,LK,43,M,3.161737041746169,CS,1
1496,PL,35,F,2.9712226687670404,BIO,1
1497,DE,41,M,2.804817837700168,BIO,1
1498,LK,34,M,2.55262300631595,BIO,1
1499,LV,40,F,3.3638564560163804,CS,1
1500,LV,41,M,2.414455007148297,CS,1
1501,IN,41,M,3.2559479560246216,BA,1
1502,ES,29,F,4.0,CS,0
1503,LV,28,F,3.7427607443221493,BA,1
1504,IT,44,F,2.2474360286646733,ENG,1
1505,LV,38,F,2.7316309698283487,BA,1
1506,IN,42,M,3.210725370277669,CS,0
1507,IN,33,M,2.964859038992825,BA,0
1508,IN,43,M,2.3002971408587896,ENG,1
1509,LV,37,M,3.1926579757367457,ENG,0
1510,IT,38,F,2.9949915524418502,BA,1
1511,PL,22,M,3.957162704301891,BA,1
1512,IT,33,M,2.8733856486912766,ENG,1
1513,LK,37,F,3.5840016926632954,CS,0
1514,IN,38,F,2.366455798435012,BIO,1
1515,DE,43,M,2.485995351051746,BIO,1
1516,LK,26,M,3.360830979904745,CS,1
1517,ES,26,M,3.541865390303687,BIO,0
1518,ES,44,F,2.521303636962804,CS,0
1519,ES,44,F,3.0120387032419558,BA,1
1520,PL,22,F,2.309210413235461,ENG,1
1521,LK,28,M,2.90939008684726,BA,0
1522,DE,43,M,3.418461392812063,CS,1
1523,ES,23,F,2.7825207504319276,CS,0
1524,ES,39,F,2.8754826470280985,ENG,1
1525,ES,21,M,2.435102300851974,CS,0
1526,PL,22,M,2.6758207931875373,BA,1
1527,DE,39,M,3.8790554581071692,BA,1
1528,LK,34,M,3.0364624458585663,BIO,0
1529,IT,32,M,2.498846116674701,BIO,1
1530,DE,41,M,2.842614025041004,BIO,0
1531,LV,26,M,2.201286189416719,ENG,1
1532,LV,31,M,2.492920153929894,ENG,0
1533,LK,34,F,3.6801698695232266,BA,0
1534,IN,37,M,2.9287587878066974,CS,1
1535,IN,26,M,3.945365088050603,BIO,0
1536,IT,35,F,2.952326080751972,BA,1
1537,LV,30,M,2.982010651904252,BA,0
1538,IT,32,F,3.320447079271062,CS,1
1539,PL,41,F,1.6637062088902994,BA,1
1540,ES,28,F,3.1024696618267873,ENG,1
1541,ES,36,F,2.975506755969524,BA,0
1542,IN,43,M,3.7430194467575735,ENG,0
1543,DE,38,M,3.482339697081809,CS,1
1544,PL,44,F,2.4331541572266,CS,1
1545,PL,33,M,3.62106930931379,BIO,1
1546,ES,25,M,2.8688427372095022,BA,0
1547,PL,44,M,2.5477733868519774,BA,0
1548,IN,35,M,3.098551625435601,BA,1
1549,IN,24,M,2.898615322168091,ENG,1
1550,LK,26,M,3.769232657014262,ENG,1
1551,IT,25,M,3.170311014245605,BA,0
1552,IN,40,M,3.1028294604430027,BIO,0
1553,IT,20,F,3.45032354142772,BIO,1
1554,IN,37,M,3.546435809046356,CS,1
1555,IN,32,F,3.3918025471486497,ENG,0
1556,PL,19,M,3.709731736407477,BIO,1
1557,PL,34,M,3.304341206456894,BA,1
1558,IN,38,M,3.083825732363351,CS,1
1559,LV,37,M,3.6195860310440144,CS,1
1560,DE,32,M,2.9545519299589307,ENG,1
1561,IN,27,M,3.0166232581723307,BIO,1
1562,IN,22,M,3.8607884586484573,CS,1
1563,IT,18,M,3.8109620639776156,ENG,1
1564,ES,27,F,2.995912096538339,BA,0
1565,IT,35,M,2.7732242113471917,BA,1
1566,LV,19,M,3.731586750104249,ENG,1
1567,DE,44,M,3.400209178957607,BIO,1
1568,IT,33,M,3.1577906270986813,CS,1
1569,LK,25,M,2.8390636449050275,CS,1
1570,IN,43,F,3.165848289357297,BA,1
1571,IN,22,F,2.989145770056149,BA,1
1572,DE,43,F,2.6678309102135023,ENG,1
1573,LK,25,M,3.0645211642936174,ENG,1
1574,PL,28,M,3.1327120228198035,CS,1
1575,IN,29,M,2.8123024665398844,BA,0
1576,PL,44,M,3.4519128443047586,ENG,1
1577,LK,24,F,3.6444161961554946,BA,1
1578,ES,44,M,3.4849488468277063,ENG,0
1579,IN,27,M,2.8618758073930026,BA,1
1580,DE,25,M,3.377910752094186,BA,1
1581,ES,35,M,3.03898069873002,CS,0
1582,LK,36,F,2.3821270107170243,CS,0
1583,DE,27,M,3.3363646892488728,CS,0
1584,LV,21,M,3.073065820478474,ENG,1
1585,LV,28,M,4.0,CS,1
1586,PL,32,F,3.72863543163928,ENG,1
1587,PL,19,F,3.355575078467262,BIO,0
1588,IT,20,F,3.1245852506440897,ENG,0
1589,IN,42,F,3.081861127529009,ENG,1
1590,ES,18,F,2.498155298183446,CS,0
1591,IN,28,F,2.130506386400045,BA,1
1592,ES,38,F,2.5637204454592175,BIO,1
1593,IN,26,F,2.976141490914785,BA,1
1594,DE,31,M,1.947230360895508,BIO,1
1595,IT,20,M,2.7278391038636256,ENG,1
1596,IN,39,F,2.876193483437787,BA,1
1597,PL,35,M,2.892286723257271,CS,1
1598,IN,40,F,2.6691382009059277,CS,0
1599,LK,41,M,2.8292430928092998,BA,0
1600,DE,27,F,3.8619469140619307,BA,1
1601,LK,19,F,3.3310726407453015,ENG,1
1602,ES,27,F,2.719849611550925,ENG,1
1603,DE,21,F,2.9658261058190183,BA,0
1604,DE,32,F,2.9858433321738667,ENG,0
1605,DE,21,F,2.6160222831299245,BIO,1
1606,IT,42,F,2.6154348911280727,ENG,1
1607,PL,34,M,3.5052620101633565,BIO,1
1608,ES,24,M,2.790107811241592,BA,1
1609,DE,42,F,2.4526518064845644,BIO,0
1610,IT,38,F,2.9784298279652788,BA,1
1611,IT,29,M,3.0590048765645617,CS,1
1612,IT,21,M,2.0136478879030824,CS,1
1613,ES,27,M,2.9796268210914034,CS,1
1614,PL,33,F,3.43398996717413,BIO,1
1615,LK,38,M,3.2256146927609164,CS,0
1616,LV,25,M,4.0,BIO,1
1617,DE,38,F,3.6255547411560896,BIO,1
1618,LV,25,M,3.7244670123754267,BA,1
1619,LK,24,F,4.0,BIO,1
1620,LK,30,F,3.379078130887299,BIO,1
1621,IT,22,M,3.0815351039663503,BIO,0
1622,PL,28,M,3.486870146715666,BA,1
1623,DE,27,M,2.720381783302503,BA,1
1624,LK,25,F,3.0538431597474847,CS,0
1625,IT,38,F,2.676136178460843,BIO,1
1626,ES,26,M,3.1989922787814407,BIO,1
1627,LV,36,M,2.6740454559900897,ENG,1
1628,DE,37,M,2.6565357500691413,CS,1
1629,LV,35,M,3.206736646552752,BIO,1
1630,IT,25,M,2.9311442796097165,BA,1
1631,LV,40,F,2.0362394321416266,ENG,1
1632,IT,24,F,2.2722215393439553,ENG,1
1633,PL,25,F,2.426366754269268,CS,0
1634,LV,41,F,2.5585140469430128,CS,1
1635,ES,27,F,3.207211664739319,CS,1
1636,IN,36,M,3.109469423535818,BIO,1
1637,DE,19,F,3.5326396858495994,BIO,1
1638,LK,34,M,3.3764009114708857,BA,0
1639,PL,41,F,3.535951478091329,BA,1
1640,LK,37,M,3.3041980957295616,BA,0
1641,IN,33,M,3.104839654545745,BA,0
1642,PL,40,F,3.549675871143828,ENG,1
1643,DE,26,F,3.45970639587005,BA,0
1644,LV,28,F,3.1880476837769955,ENG,1
1645,DE,19,M,3.635535935430071,BA,1
1646,LK,36,M,1.8271058787483017,ENG,1
1647,LV,37,M,2.8547684129297752,BIO,1
1648,LV,38,M,2.8471047671741343,CS,1
1649,LK,38,F,3.5763414387407853,CS,1
1650,DE,21,M,3.785697498475385,ENG,1
1651,LV,35,F,2.2749103148948686,CS,1
1652,IT,38,M,3.705583587074638,CS,1
1653,IT,23,M,2.4142774069868658,BIO,1
1654,LV,30,M,2.429392377219589,BA,1
1655,PL,42,M,2.8828571488363175,ENG,0
1656,DE,29,M,2.8408967639337077,BIO,0
1657,IT,38,M,2.2207913601415616,CS,1
1658,LV,32,F,3.3249389867462833,BA,1
1659,IT,35,F,3.339701212363301,CS,1
1660,DE,34,M,3.5270207980818356,BA,1
1661,LV,35,F,2.7832723351110675,CS,1
1662,ES,39,F,2.9802086425137757,BIO,1
1663,LV,42,F,2.9847864175486785,BA,1
1664,LV,25,M,3.843997720734232,CS,1
1665,ES,43,M,1.582877608683391,CS,0
1666,IN,34,M,2.5215278255054483,CS,0
1667,IN,34,M,3.002770421395899,CS,1
1668,LK,26,M,2.4572148825422486,CS,0
1669,LK,29,M,2.8708398213644415,ENG,1
1670,LK,35,F,2.9369622318150452,BIO,1
1671,LV,27,M,2.671156945603766,BIO,0
1672,IN,25,M,3.0322344630513363,BIO,0
1673,PL,40,F,3.314074638878907,BIO,1
1674,IT,29,F,2.881866777484499,BA,1
1675,IN,35,M,2.7734026330156323,BA,1
1676,LV,18,M,2.917117541673064,ENG,0
1677,ES,20,F,2.996281826677205,BA,1
1678,PL,40,F,2.129840217332789,ENG,1
1679,PL,21,M,3.2307769589806394,BIO,1
1680,ES,39,M,2.7744993852766027,CS,1
1681,IT,42,M,3.6307675374055255,BIO,0
1682,ES,30,M,3.295526737821237,BIO,1
1683,LK,41,M,3.5850332021098277,ENG,1
1684,ES,29,M,2.4944981031425457,BA,1
1685,LV,43,F,2.8143066794062865,BA,1
1686,LK,24,F,2.3787707562712956,CS,0
1687,DE,29,M,2.647404395535337,BA,0
1688,DE,28,F,3.626052712254296,ENG,0
1689,PL,39,M,3.7437452889612475,ENG,1
1690,PL,19,F,2.42593335259777,CS,0
1691,IN,40,F,2.7708611658413584,ENG,1
1692,ES,18,F,2.961902163988025,BIO,0
1693,LK,26,F,3.2928028209048907,CS,1
1694,DE,34,M,2.120094868231754,CS,1
1695,IN,21,M,2.1984999592357806,BIO,1
1696,IN,31,M,3.244813071936201,ENG,0
1697,PL,44,F,2.025480715541038,ENG,1
1698,IN,40,M,2.776601296930565,BIO,0
1699,LK,18,F,3.0810459042794203,ENG,1
1700,PL,33,F,3.2078329849665588,ENG,1
1701,LK,34,F,2.929140952228084,CS,1
1702,LK,19,F,2.817121640476235,BIO,0
1703,IN,35,F,3.4222854298582397,BIO,1
1704,DE,32,F,3.142602963182879,BA,1
1705,IN,36,F,2.67649168902427,ENG,1
1706,IT,26,M,3.018861448341119,ENG,1
1707,PL,24,M,3.1915845113280965,CS,1
1708,LK,37,F,3.859118620725691,CS,0
1709,LK,37,F,3.39316183414579,ENG,1
1710,DE,22,F,3.607278427976972,ENG,1
1711,DE,23,M,2.694696301850185,ENG,1
1712,ES,33,M,2.737908546872499,BA,0
1713,DE,40,F,2.882310003593505,BIO,1
1714,LK,23,F,2.928213676680918,BA,1
1715,PL,23,F,2.495987521098555,CS,0
1716,ES,39,F,3.632966813278409,CS,1
1717,LK,36,F,3.441675818879396,BIO,1
1718,IT,42,F,2.847161069349246,ENG,1
1719,LK,39,M,3.320855324506927,BA,1
1720,DE,43,M,3.111449581501919,CS,1
1721,DE,23,M,3.3599139904656874,CS,1
1722,LK,25,F,2.327846438237185,CS,1
1723,ES,24,F,2.9271694634012824,CS,1
1724,LV,19,F,2.9709807360471023,ENG,1
1725,IT,39,F,3.311821049805826,CS,0
1726,IT,35,F,2.6857811994089333,CS,0
1727,LV,20,F,1.7500346379588019,BA,1
1728,LV,23,F,2.4591501411585397,ENG,1
1729,LK,23,F,2.9694760071445465,BA,1
1730,IT,28,M,3.0319421127516657,CS,0
1731,DE,30,M,3.841874061312492,ENG,1
1732,LK,25,M,3.2913732203290493,BA,1
1733,ES,43,F,3.0407651396157447,CS,1
1734,DE,23,F,2.9838043616092813,ENG,0
1735,PL,33,M,3.5520916910848466,BIO,1
1736,ES,29,M,2.704944773921281,ENG,1
1737,PL,28,M,2.9298581061297004,CS,1
1738,IN,40,F,2.455370939930849,BA,0
1739,IN,44,M,3.709453024347652,ENG,0
1740,IN,18,M,3.196249468500807,BIO,1
1741,PL,30,M,2.646238351998027,BIO,1
1742,LK,21,M,2.9427724948408462,BIO,1
1743,LK,29,F,3.25482538160314,BIO,0
1744,PL,34,M,2.8746405436388622,ENG,1
1745,IN,29,M,2.7327646891436994,ENG,1
1746,LV,26,F,2.6728631570078343,ENG,0
1747,PL,26,F,3.1694809496205574,ENG,1
1748,ES,26,F,2.8209728603946576,ENG,1
1749,IN,26,M,2.773121132618627,CS,1
1750,LK,28,F,2.331969122472297,BIO,1
1751,ES,36,M,3.038820288263585,CS,1
1752,LK,20,M,2.909388280604046,BA,1
1753,IT,19,F,2.8391758256790176,BA,0
1754,LK,31,F,3.099385338744359,BIO,1
1755,IN,36,M,3.3740011313679488,CS,0
1756,LK,24,M,3.3507827359702342,BA,1
1757,DE,23,F,3.2763642504498813,BA,1
1758,ES,34,M,2.8796648606821393,CS,1
1759,PL,28,F,2.716500832029379,CS,1
1760,ES,37,M,2.4780421793387815,BA,1
1761,ES,21,M,2.703421746330959,BIO,0
1762,LV,21,M,3.0098250475682846,BA,1
1763,LK,32,F,2.606856939173759,BIO,0
1764,ES,28,F,3.0480285695587215,ENG,1
1765,LK,37,M,2.517271661044068,BIO,1
1766,DE,31,M,2.169504055496489,BIO,0
1767,ES,27,M,3.4097030604323977,ENG,1
1768,IN,22,F,2.7627927023170775,ENG,1
1769,LV,22,M,2.5814831733880546,CS,1
1770,PL,38,M,2.453076429351281,ENG,1
1771,LK,24,F,3.2115179873652,CS,0
1772,IN,31,M,3.6874538557339838,ENG,1
1773,PL,40,F,2.7984630694969277,ENG,0
1774,IT,42,M,2.8922183126687093,BIO,1
1775,LV,25,M,3.535815919944536,ENG,0
1776,PL,20,M,2.094777147820844,BA,1
1777,IN,38,F,3.9834343214563335,BA,1
1778,LV,36,M,4.0,ENG,0
1779,DE,26,M,1.6468312352899586,BA,1
1780,ES,34,M,2.9512483855416214,BA,1
1781,ES,23,F,2.640526484065218,BA,0
1782,ES,36,M,2.8676141145476333,ENG,1
1783,DE,37,F,2.7908074651920383,CS,1
1784,LV,26,M,3.405879549239679,ENG,1
1785,IT,30,M,2.9437150465160045,BA,1
1786,DE,27,M,2.544546392900022,BA,1
1787,IT,18,M,2.9139074193524377,BA,1
1788,LV,21,M,3.2573921184812047,CS,0
1789,LK,43,M,2.408139336117359,ENG,0
1790,LK,30,M,2.17688315551501,ENG,0
1791,ES,21,M,3.99637140041766,BIO,1
1792,LV,19,F,2.6787866601457817,BA,1
1793,DE,27,F,2.9313235065402385,ENG,1
1794,ES,44,M,2.8011022970872137,ENG,0
1795,DE,28,F,3.274043852041071,ENG,1
1796,LK,44,M,3.886394961545522,ENG,1
1797,PL,31,F,3.289966920864642,BIO,1
1798,IT,38,F,2.2408174262300045,BIO,0
1799,PL,39,M,2.307938286495735,CS,1
1800,LK,18,M,2.8005176123365416,BA,0
1801,ES,18,F,2.8658834002333666,ENG,0
1802,LK,42,F,2.1390243652266996,ENG,1
1803,IN,43,M,3.40967046008722,BA,1
1804,PL,21,F,2.4568397210592607,CS,1
1805,DE,35,F,3.7466507810628777,ENG,1
1806,IT,42,M,3.9103162986028606,ENG,1
1807,PL,43,M,2.8758732336839112,CS,0
1808,LK,26,M,3.2194863202090924,ENG,1
1809,IN,40,M,2.384026388957899,BIO,1
1810,DE,35,M,3.3118381632395573,ENG,0
1811,IT,43,M,2.750903788282815,BIO,1
1812,DE,21,F,2.456382339205823,BA,1
1813,DE,34,F,2.8553325058735077,CS,0
1814,IN,18,F,2.7671259957973184,ENG,1
1815,IT,27,M,2.837420298498123,CS,1
1816,ES,18,M,3.4748399514081796,CS,1
1817,LK,29,F,2.6073462036821335,CS,1
1818,LK,39,M,3.867511499886938,BIO,1
1819,IT,35,F,2.3374701835873233,BIO,1
1820,PL,26,M,3.8077151365892976,BA,1
1821,PL,29,F,2.4917446890466532,ENG,1
1822,IN,27,F,2.9994933837316924,BA,1
1823,LK,37,F,2.75490194326099,CS,0
1824,LK,25,F,2.828135664231073,BIO,1
1825,PL,20,M,3.4006786181777744,BIO,0
1826,IT,31,F,3.7499133986144053,BA,1
1827,DE,40,F,3.595262352477821,BA,1
1828,ES,30,M,2.797571833829076,BIO,1
1829,IT,23,F,3.092127611202277,BA,1
1830,ES,19,M,2.608961063165819,BA,1
1831,LK,43,M,2.5042248437126524,BA,1
1832,IN,38,M,2.4268495471356655,BA,1
1833,PL,22,M,2.7812133465079354,ENG,1
1834,DE,19,F,3.124802815507471,CS,1
1835,ES,21,M,2.0440924201242474,BA,0
1836,DE,28,M,2.976823148709617,BA,1
1837,LV,39,M,3.758012562274762,BA,1
1838,PL,22,M,3.5609555345370625,BA,1
1839,LK,40,F,2.707407961736667,BA,1
1840,LK,18,F,2.301563545358607,BA,1
1841,ES,37,M,3.2299151532324135,BIO,1
1842,ES,25,M,1.84128587489625,ENG,0
1843,IN,43,F,3.5550770579413387,ENG,1
1844,IN,30,F,2.89320627105838,BA,1
1845,IT,25,F,3.9156501602887004,BIO,1
1846,LV,24,F,2.136517257211767,CS,1
1847,LK,40,F,3.4590731126039165,ENG,0
1848,IN,28,M,2.9497455815929006,CS,1
1849,IT,27,M,2.8344747342639596,BIO,1
1850,IT,37,M,2.3150782673939276,BA,1
1851,LK,32,F,3.2978739533558583,BA,1
1852,LK,35,M,3.338068692388429,CS,1
1853,LK,30,M,3.8925639009829447,BIO,1
1854,LK,19,M,3.5040251314302964,BA,0
1855,PL,18,F,2.7030523355221323,BA,0
1856,PL,19,F,2.4980687081912425,BIO,1
1857,IT,33,F,2.3157542832388067,CS,1
1858,LK,31,M,3.736612172819735,BA,1
1859,PL,38,F,2.610912857861067,CS,1
1860,ES,42,M,3.7401149344856535,CS,0
1861,ES,22,F,3.262536020431033,CS,0
1862,LK,43,M,3.16495144079698,CS,1
1863,PL,43,F,2.846565843719851,BIO,1
1864,ES,34,F,3.3303364565011253,BA,1
1865,PL,32,M,2.992264618581599,BIO,1
1866,IN,22,M,2.815393354265595,BA,1
1867,ES,22,M,3.3480023933241,BIO,1
1868,IN,18,F,2.9280139453894347,CS,0
1869,PL,35,F,2.6008326106305866,CS,1
1870,LV,29,F,3.2999133877303257,CS,1
1871,DE,23,M,2.9680071721857173,BIO,0
1872,LK,21,F,3.244455005878902,ENG,0
1873,IT,19,F,2.773070070822907,ENG,1
1874,PL,35,M,2.395439347659522,BIO,1
1875,PL,36,F,3.8675369812571376,BA,1
1876,LK,35,F,3.7733057053817873,ENG,1
1877,PL,20,F,3.4418924806309805,ENG,1
1878,LV,19,M,2.8060946573128636,ENG,1
1879,IN,20,F,2.849841013419464,ENG,1
1880,IN,38,F,3.6911637229482324,BA,0
1881,PL,37,F,2.8230849812162933,CS,1
1882,PL,25,M,2.683721981826351,CS,1
1883,PL,19,M,3.9361173378182266,ENG,1
1884,DE,26,F,2.976161159193064,ENG,1
1885,LV,39,F,3.884212664256923,ENG,1
1886,LV,21,F,2.300804044654999,ENG,0
1887,DE,39,M,3.259092441392251,CS,1
1888,LV,30,F,4.0,BA,1
1889,DE,21,F,3.014875372329431,BA,0
1890,LK,43,F,2.867997753866102,BIO,1
1891,LV,31,M,2.4161240412007903,ENG,1
1892,LK,36,M,3.5411715272176236,ENG,0
1893,LK,20,M,2.614935958679656,ENG,0
1894,LK,28,F,2.952595720305006,BA,1
1895,LK,35,F,2.3827488601036944,BIO,0
1896,IT,35,F,3.7784473000487164,ENG,0
1897,LV,19,F,3.5774426553628413,BIO,1
1898,PL,34,M,2.9842076253934344,ENG,1
1899,DE,43,M,2.422925532206536,ENG,1
1900,LK,39,F,3.767953524621316,CS,1
1901,ES,23,M,2.817034136476426,ENG,1
1902,ES,42,F,2.447397579591241,CS,1
1903,LK,36,M,2.118940993763728,ENG,1
1904,DE,19,M,2.6770174340531128,ENG,1
1905,DE,21,F,2.2726809387350304,ENG,1
1906,LV,42,M,2.688589581738588,BA,1
1907,IN,23,M,3.3722043668488575,CS,1
1908,IN,20,F,2.8122999180123833,ENG,1
1909,PL,30,F,3.1778466910568555,ENG,1
1910,IT,32,M,2.638332670233884,BA,1
1911,IT,33,F,3.0325845331821157,ENG,1
1912,DE,35,F,3.9604504110430105,BIO,1
1913,ES,44,M,2.825756960986552,ENG,1
1914,LV,38,M,3.1922147188098293,CS,0
1915,ES,18,M,2.217236386265781,BIO,0
1916,IT,20,F,3.7600530612084353,BA,0
1917,PL,18,M,2.7613966855275676,ENG,1
1918,LK,28,F,3.5252668249532504,BIO,1
1919,DE,27,M,2.9384098521205475,BA,0
1920,IT,43,M,3.305789682510403,ENG,1
1921,PL,27,F,3.3355062136055005,CS,0
1922,PL,18,M,2.7737798302436416,BIO,0
1923,DE,41,M,3.545953217880926,CS,1
1924,PL,25,M,2.6205075680034504,ENG,1
1925,DE,42,F,3.3889671100137715,BA,1
1926,LK,38,M,2.8048973529167345,CS,1
1927,LK,41,F,3.17477897431603,BA,1
1928,IN,40,F,2.7690034988228693,BIO,0
1929,PL,21,F,3.0249879873532977,CS,1
1930,PL,34,M,2.4626531491541166,BA,1
1931,ES,29,M,3.123778492344397,CS,0
1932,PL,34,M,3.022093917479793,CS,1
1933,LV,38,F,2.7299232229637638,CS,1
1934,IN,31,M,2.9724860168048517,ENG,1
1935,LV,26,F,3.067002238083955,BIO,1
1936,DE,42,F,2.691821473367444,ENG,1
1937,IT,35,M,2.9356207121351656,BIO,0
1938,PL,41,M,2.4972240295525396,ENG,1
1939,LK,24,M,4.0,BA,1
1940,IN,40,F,3.5295593301040924,BIO,0
1941,DE,26,M,3.1365470528157755,CS,0
1942,LK,30,M,3.5860564637383474,ENG,1
1943,LK,41,M,2.010373761658111,CS,0
1944,DE,27,F,1.721160131082997,BIO,1
1945,PL,24,F,2.800354469125047,CS,1
1946,ES,42,M,2.3107179281989456,CS,0
1947,PL,44,M,2.8816972377758354,BA,1
1948,ES,26,M,3.1028283202974496,ENG,0
1949,IN,26,M,3.4602072491703058,CS,1
1950,ES,24,F,2.430868007862393,BA,1
1951,DE,18,M,3.199815343080036,BA,0
1952,IN,32,F,3.0071948465761165,ENG,1
1953,LK,24,M,3.1737546549665425,BIO,1
1954,DE,40,M,2.7401140246232,ENG,1
1955,PL,22,F,3.69156756993106,ENG,1
1956,IN,35,F,2.9482456757851367,BA,1
1957,LK,31,F,3.8870911117518845,BIO,1
1958,PL,34,M,2.604805673158888,CS,0
1959,IT,21,M,3.371413669977777,CS,1
1960,LK,30,M,2.9701657597197357,CS,0
1961,PL,34,F,2.836128791666618,BA,1
1962,ES,27,M,3.3161576702337734,BA,1
1963,LV,41,F,2.850413260405205,BIO,1
1964,LK,32,F,1.669017331421336,ENG,1
1965,IN,27,F,1.4685659384128462,BA,0
1966,LK,18,M,3.6362110801420244,CS,1
1967,IT,22,M,3.615129228939848,ENG,1
1968,LK,30,M,3.9436704731279733,BA,1
1969,LK,28,M,2.9912358758589113,BIO,1
1970,IT,41,F,2.353682599001054,BA,0
1971,LK,39,M,2.790208078674499,ENG,1
1972,IT,22,F,3.0057122576806563,BIO,0
1973,DE,33,M,2.4964808878574454,BA,0
1974,PL,30,F,3.8242873614869333,BA,1
1975,PL,20,M,4.0,ENG,1
1976,LK,35,M,3.239140350365089,BA,0
1977,IN,32,M,2.994568126650902,CS,0
1978,LV,20,M,2.3525165107627837,BA,1
1979,PL,30,F,3.7732169480780255,CS,0
1980,ES,37,F,3.038153405424523,ENG,0
1981,IT,26,M,2.8554178007946938,CS,0
1982,IT,27,M,3.2405870443372686,BA,0
1983,PL,20,F,2.707144235505407,BIO,1
1984,LV,23,M,3.0734375865609094,ENG,1
1985,DE,44,F,2.27876657457717,ENG,1
1986,IT,34,M,3.5435435946262173,ENG,1
1987,IN,22,F,2.9477944794321633,BA,1
1988,IT,31,F,3.5794004303170057,ENG,1
1989,IN,23,M,2.89943191107919,CS,1
1990,IN,29,M,2.9319001456080107,ENG,1
1991,LK,21,M,2.3938412858540215,ENG,1
1992,ES,34,M,3.3798784865090714,BIO,1
1993,IN,33,M,2.562080022988454,BIO,1
1994,LK,35,F,2.7567888134003855,CS,1
1995,ES,29,M,3.0005235930412684,BA,1
1996,DE,25,M,3.0606120918446784,ENG,0
1997,IT,24,M,2.1469515298911204,BA,1
1998,IN,23,M,2.8845970672559917,ENG,1
1999,ES,29,F,3.3976151093218565,BIO,0
