institution,country,region,gender,program,language_level,year,age,current_grade,attendance,hofstede_idv,clicks_sum,clicks_mean,clicks_std,videos_sum,assign_sum,weeks,week_max,early_clicks,early_videos,early_assign,late_clicks,late_videos,late_assign,eng_rate,clicks_per_week,late_drop,success,y_prob,y_pred
INST_A,IN,Asia,F,ENG,Unknown,2024,32,2.00668242034753,0.0,48,1009,100.9,72.07781289073019,66,8,10,10,134,16,3,254,22,2,0.8,100.9,0,0,0.634,1
INST_A,LT,Baltics,M,BA,Unknown,2024,21,2.2895082265703843,0.0,65,1679,167.9,82.4802333222263,60,4,10,10,386,17,1,615,10,1,0.4,167.9,0,1,0.616,1
INST_B,IT,Europe,M,BA,Unknown,2024,20,1.898575308745185,0.0,76,1232,123.2,98.53234099635623,58,6,10,10,305,21,2,349,12,2,0.6,123.2,0,0,0.664,1
INST_A,EE,Baltics,M,ENG,Unknown,2024,41,2.9856477038559546,0.0,60,1573,157.3,90.82834848707141,73,5,10,10,364,23,2,559,17,2,0.5,157.3,0,1,0.616,1
INST_A,LK,Asia,F,ENG,Unknown,2024,25,2.749288071093116,0.0,35,1350,135.0,79.51240294584376,52,2,10,10,543,28,0,492,7,1,0.2,135.0,0,1,0.67,1
INST_B,LK,Asia,M,ENG,Unknown,2024,30,3.5860564637383474,0.0,35,1256,125.6,92.48207033438067,45,6,10,10,262,6,2,162,20,1,0.6,125.6,0,1,0.71,1
INST_B,PL,Europe,F,CS,Unknown,2024,18,3.0517285824468487,0.0,60,1404,140.4,76.88259447581964,43,8,10,10,603,12,2,353,3,3,0.8,140.4,0,0,0.718,1
INST_B,LK,Asia,M,BA,Unknown,2024,20,2.909388280604046,0.0,35,1028,102.8,75.49510653751746,47,8,10,10,298,21,3,389,15,1,0.8,102.8,0,1,0.78,1
INST_A,IN,Asia,M,BIO,Unknown,2024,22,2.2866841282548545,0.0,48,1588,158.8,97.86589463819014,48,7,10,10,372,11,2,720,12,2,0.7,158.8,0,1,0.618,1
INST_A,LT,Baltics,F,BA,Unknown,2024,37,3.0352065624194537,0.0,65,1175,117.5,96.66810343759839,46,7,10,10,395,12,3,324,10,2,0.7,117.5,0,0,0.626,1
INST_A,IN,Asia,M,CS,Unknown,2024,22,3.57195407877234,0.0,48,1453,145.3,69.01215673906866,63,9,10,10,250,15,3,458,15,3,0.9,145.3,0,0,0.536,1
INST_A,DE,Europe,M,BIO,Unknown,2024,22,2.0014736484319053,0.0,67,1204,120.4,101.83559735617447,54,6,10,10,226,20,2,332,14,1,0.6,120.4,0,1,0.586,1
INST_A,LT,Baltics,M,BA,Unknown,2024,29,3.0911189388866243,0.0,65,1385,138.5,82.23036746441872,57,7,10,10,386,18,3,537,15,1,0.7,138.5,0,1,0.68,1
INST_A,DE,Europe,F,ENG,Unknown,2024,18,1.829824359901032,0.0,67,1878,187.8,88.11709381398268,36,6,10,10,474,8,1,583,13,3,0.6,187.8,0,1,0.634,1
INST_B,IN,Asia,M,CS,Unknown,2024,42,3.3055306000369717,0.0,48,1625,162.5,113.62829264267278,62,8,10,10,771,18,2,109,12,3,0.8,162.5,1,1,0.416,1
INST_A,LK,Asia,M,ENG,Unknown,2024,31,2.15583056251746,0.0,35,1456,145.6,93.5321691540759,66,5,10,10,571,18,1,408,22,2,0.5,145.6,0,0,0.728,1
INST_A,IN,Asia,M,CS,Unknown,2024,41,3.079298064499768,0.0,48,1133,113.3,100.94448419249508,66,7,10,10,406,23,1,512,23,3,0.7,113.3,0,1,0.622,1
INST_A,LK,Asia,M,ENG,Unknown,2024,35,2.3419364096136035,0.0,35,1338,133.8,94.7274452779599,61,9,10,10,647,12,3,302,21,2,0.9,133.8,1,0,0.616,1
INST_B,LK,Asia,F,ENG,Unknown,2024,40,3.4590731126039165,0.0,35,1444,144.4,83.31759851449286,66,7,10,10,566,15,3,516,15,1,0.7,144.4,0,0,0.746,1
INST_A,LV,Baltics,M,CS,Unknown,2024,24,3.146025016926041,0.0,70,1366,136.6,58.34418946599947,59,7,10,10,343,18,1,362,16,2,0.7,136.6,0,1,0.714,1
INST_A,LT,Baltics,F,CS,Unknown,2024,42,2.316403834700921,0.0,65,1210,121.0,42.26372229492124,46,5,10,10,386,17,1,299,12,1,0.5,121.0,0,1,0.68,1
INST_B,LV,Baltics,M,BA,Unknown,2024,44,2.6820987217261845,0.0,70,1395,139.5,101.45633981614401,51,8,10,10,179,5,3,207,18,1,0.8,139.5,0,1,0.738,1
INST_A,DE,Europe,F,BA,Unknown,2024,23,1.828556907929101,0.0,67,1234,123.4,71.49390028371495,43,6,10,10,351,11,2,204,21,1,0.6,123.4,0,1,0.488,1
INST_A,IT,Europe,F,BA,Unknown,2024,31,2.5400604060261878,0.0,76,869,86.9,79.49206808788465,71,8,10,10,300,24,2,249,22,3,0.8,86.9,0,1,0.492,1
INST_B,IT,Europe,M,BA,Unknown,2024,35,2.773224211347192,0.0,76,1828,182.8,63.076320614175195,57,4,10,10,469,19,1,564,16,1,0.4,182.8,0,1,0.606,1
INST_A,DE,Europe,F,CS,Unknown,2024,29,2.413475049768131,0.0,67,1394,139.4,90.91290093026156,45,7,10,10,284,13,3,483,18,2,0.7,139.4,0,1,0.694,1
INST_B,LV,Baltics,M,BA,Unknown,2024,30,2.982010651904252,0.0,70,1752,175.2,63.09393349954054,51,7,10,10,490,13,2,464,15,1,0.7,175.2,0,0,0.748,1
INST_B,PL,Europe,F,CS,Unknown,2024,30,3.7732169480780255,0.0,60,1460,146.0,97.88996089714432,61,8,10,10,571,21,2,284,20,3,0.8,146.0,1,0,0.766,1
INST_B,DE,Europe,M,ENG,Unknown,2024,43,2.422925532206536,0.0,67,1140,114.0,102.58979806329023,48,9,10,10,441,15,3,188,17,3,0.9,114.0,1,1,0.734,1
INST_A,EE,Baltics,F,ENG,Unknown,2024,21,2.403819930386806,0.0,60,1379,137.9,95.00929779061977,66,5,10,10,572,21,3,247,27,0,0.5,137.9,1,1,0.698,1
INST_B,LV,Baltics,M,BIO,Unknown,2024,37,3.111946353534029,0.0,70,1486,148.6,87.12596245283797,62,5,10,10,506,21,1,530,18,1,0.5,148.6,0,1,0.686,1
INST_A,LT,Baltics,M,BA,Unknown,2024,43,3.3979329306990422,0.0,65,1970,197.0,85.7451002811369,44,5,10,10,532,20,1,517,8,2,0.5,197.0,0,0,0.656,1
INST_A,IT,Europe,M,ENG,Unknown,2024,34,2.589085158914024,0.0,76,1111,111.1,94.8255122726884,65,6,10,10,521,17,2,184,14,2,0.6,111.1,1,1,0.658,1
INST_A,EE,Baltics,M,BA,Unknown,2024,36,3.099872862577479,0.0,60,1447,144.7,84.39595830238424,59,4,10,10,494,9,2,473,24,1,0.4,144.7,0,1,0.598,1
INST_A,EE,Baltics,F,BIO,Unknown,2024,20,3.3334763905162044,0.0,60,1848,184.8,98.31672176073498,46,4,10,10,466,24,1,558,4,1,0.4,184.8,0,1,0.578,1
INST_B,LK,Asia,M,ENG,Unknown,2024,22,3.1145914173920866,0.0,35,1592,159.2,91.60883023910839,57,8,10,10,397,15,2,509,14,2,0.8,159.2,0,0,0.704,1
INST_B,PL,Europe,F,BA,Unknown,2024,29,3.532235230409589,0.0,60,1298,129.8,95.68443505142889,50,5,10,10,396,15,2,370,12,0,0.5,129.8,0,0,0.752,1
INST_B,LV,Baltics,M,BA,Unknown,2024,30,3.306792758005688,0.0,70,1276,127.6,86.69384189330995,58,8,10,10,249,15,2,612,19,2,0.8,127.6,0,1,0.78,1
INST_B,IT,Europe,F,BIO,Unknown,2024,44,2.93054409364745,0.0,76,2095,209.5,80.962611398376,49,7,10,10,453,8,2,710,14,3,0.7,209.5,0,0,0.604,1
INST_B,LK,Asia,F,ENG,Unknown,2024,35,3.7733057053817873,0.0,35,1479,147.9,98.18061587367096,54,6,10,10,583,17,2,290,6,2,0.6,147.9,1,1,0.71,1
INST_A,DE,Europe,F,BIO,Unknown,2024,37,3.0910490602384777,0.0,67,1111,111.1,91.30467920344744,57,4,10,10,369,23,1,528,18,2,0.4,111.1,0,1,0.59,1
INST_A,IT,Europe,M,BA,Unknown,2024,38,2.9297228057936127,0.0,76,1289,128.9,84.98163200232023,53,6,10,10,537,15,2,314,27,2,0.6,128.9,0,1,0.636,1
INST_B,PL,Europe,M,CS,Unknown,2024,25,2.683721981826351,0.0,60,1332,133.2,81.22916826964178,45,6,10,10,370,15,2,230,12,0,0.6,133.2,0,1,0.616,1
INST_B,IT,Europe,F,ENG,Unknown,2024,44,2.2474360286646733,0.0,76,1753,175.3,66.8431829815959,69,6,10,10,510,20,2,477,25,1,0.6,175.3,0,1,0.622,1
INST_B,IN,Asia,M,CS,Unknown,2024,26,3.4602072491703058,0.0,48,1789,178.9,105.05813205607222,60,7,10,10,524,24,3,742,12,3,0.7,178.9,0,1,0.762,1
INST_A,LV,Baltics,M,CS,Unknown,2024,31,2.862814017932876,0.0,70,1330,133.0,76.34570496541811,59,4,10,10,447,3,1,336,20,2,0.4,133.0,0,1,0.614,1
INST_B,IN,Asia,M,BIO,Unknown,2024,39,2.3137428914128013,0.0,48,1434,143.4,71.97870055324238,50,7,10,10,520,11,2,209,12,3,0.7,143.4,1,1,0.73,1
INST_A,DE,Europe,F,CS,Unknown,2024,35,3.1293897244461464,0.0,67,1674,167.4,92.5637317983909,57,7,10,10,712,9,3,466,18,1,0.7,167.4,0,0,0.622,1
INST_B,IN,Asia,M,CS,Unknown,2024,22,3.860788458648457,0.0,48,1401,140.1,80.68243647508146,58,6,10,10,250,6,2,410,20,1,0.6,140.1,0,1,0.802,1
INST_B,PL,Europe,F,BIO,Unknown,2024,44,3.295626471024136,0.0,60,1365,136.5,67.13378020374277,44,9,10,10,476,9,2,510,7,3,0.9,136.5,0,1,0.706,1
INST_B,LK,Asia,M,BIO,Unknown,2024,41,3.1221391411379544,0.0,35,1545,154.5,87.64987164850842,61,9,10,10,530,14,3,352,16,3,0.9,154.5,0,1,0.646,1
INST_A,IN,Asia,M,CS,Unknown,2024,19,4.0,0.0,48,1442,144.2,84.38509610378152,58,7,10,10,456,10,2,665,26,3,0.7,144.2,0,0,0.606,1
INST_B,IN,Asia,M,BA,Unknown,2024,22,3.4478902555186286,0.0,48,1682,168.2,70.36381645893482,48,6,10,10,637,17,1,432,15,2,0.6,168.2,0,1,0.688,1
INST_B,ES,Europe,F,BIO,Unknown,2024,37,2.119091519531901,0.0,51,2054,205.4,59.81304205605998,53,7,10,10,453,24,2,746,16,2,0.7,205.4,0,1,0.668,1
INST_B,LV,Baltics,M,CS,Unknown,2024,38,3.0234880981497487,0.0,70,1472,147.2,64.33212434097153,36,7,10,10,558,17,2,384,13,2,0.7,147.2,0,1,0.768,1
INST_A,LV,Baltics,M,BA,Unknown,2024,40,2.415705956886744,0.0,70,1448,144.8,91.9997584537892,55,8,10,10,485,17,1,504,18,3,0.8,144.8,0,1,0.656,1
INST_A,LK,Asia,M,BA,Unknown,2024,41,2.9823024553825377,0.0,35,1758,175.8,96.33367935347313,47,8,10,10,592,14,3,494,18,2,0.8,175.8,0,1,0.592,1
INST_A,LK,Asia,M,ENG,Unknown,2024,20,3.019799760190026,0.0,35,1925,192.5,65.75924100670397,75,5,10,10,610,22,2,493,18,0,0.5,192.5,0,1,0.614,1
INST_B,IT,Europe,M,BA,Unknown,2024,31,3.49416887060576,0.0,76,1143,114.3,118.29910303031794,59,7,10,10,146,18,2,625,20,2,0.7,114.3,0,1,0.646,1
INST_B,IN,Asia,F,ENG,Unknown,2024,40,2.7708611658413584,0.0,48,1447,144.7,79.12865754228645,62,6,10,10,245,20,2,546,16,1,0.6,144.7,0,1,0.806,1
INST_B,LV,Baltics,M,ENG,Unknown,2024,22,3.1215087806740964,0.0,70,1684,168.4,98.35785005105932,45,4,10,10,634,14,1,354,13,0,0.4,168.4,0,1,0.69,1
INST_A,LT,Baltics,F,BA,Unknown,2024,41,2.0866719078414366,0.0,65,1987,198.7,77.70035034956048,51,6,10,10,621,24,1,651,7,2,0.6,198.7,0,1,0.704,1
INST_A,LV,Baltics,F,ENG,Unknown,2024,38,2.3099240924378464,0.0,70,1816,181.6,77.82344690958432,77,5,10,10,619,25,0,600,15,3,0.5,181.6,0,0,0.64,1
INST_B,DE,Europe,M,BA,Unknown,2024,39,3.879055458107169,0.0,67,1916,191.6,69.74110855314979,51,8,10,10,474,10,2,514,21,3,0.8,191.6,0,1,0.57,1
INST_B,IT,Europe,F,ENG,Unknown,2024,33,3.1125583635192013,0.0,76,1536,153.6,72.24833715887323,69,5,10,10,537,26,1,216,19,2,0.5,153.6,1,0,0.662,1
INST_A,EE,Baltics,F,ENG,Unknown,2024,19,3.8899161976840633,0.0,60,1222,122.2,72.06910264153117,65,7,10,10,271,15,1,376,29,2,0.7,122.2,0,1,0.62,1
INST_B,LK,Asia,F,BA,Unknown,2024,40,2.707407961736667,0.0,35,1453,145.3,65.99503348316784,49,6,10,10,438,15,1,424,19,3,0.6,145.3,0,1,0.718,1
INST_A,DE,Europe,F,CS,Unknown,2024,28,2.91914717240891,0.0,67,1491,149.1,83.71306814218302,47,7,10,10,245,13,3,526,17,2,0.7,149.1,0,0,0.646,1
INST_B,IN,Asia,M,BIO,Unknown,2024,18,3.288034751780696,0.0,48,1516,151.6,88.75960041971047,55,9,10,10,595,13,3,586,20,3,0.9,151.6,0,0,0.724,1
INST_B,DE,Europe,M,BA,Unknown,2024,29,2.647404395535337,0.0,67,1945,194.5,101.37855350670137,47,6,10,10,578,14,2,579,11,2,0.6,194.5,0,0,0.722,1
INST_B,IT,Europe,M,BA,Unknown,2024,43,2.8094223461487853,0.0,76,1635,163.5,77.44424517748953,54,5,10,10,464,15,1,521,13,2,0.5,163.5,0,1,0.586,1
INST_A,EE,Baltics,F,BA,Unknown,2024,34,3.485553533674069,0.0,60,1356,135.6,88.36062471485815,51,5,10,10,201,13,0,455,24,1,0.5,135.6,0,1,0.488,1
INST_A,LV,Baltics,M,CS,Unknown,2024,39,3.449411157875041,0.0,70,1340,134.0,99.93331109628393,44,8,10,10,371,23,3,146,4,1,0.8,134.0,1,1,0.568,1
INST_B,PL,Europe,F,CS,Unknown,2024,44,2.4331541572266,0.0,60,1366,136.6,97.69817466735668,28,5,10,10,348,9,2,465,1,2,0.5,136.6,0,1,0.59,1
INST_A,EE,Baltics,Other,CS,Unknown,2024,34,4.0,0.0,60,1310,131.0,106.08487168300671,53,5,10,10,268,18,2,555,13,1,0.5,131.0,0,1,0.704,1
INST_B,LK,Asia,M,ENG,Unknown,2024,35,3.0170789717703945,0.0,35,1755,175.5,84.51462726784176,64,6,10,10,376,14,1,636,27,2,0.6,175.5,0,1,0.522,1
INST_B,PL,Europe,M,BA,Unknown,2024,44,3.0445061268395115,0.0,60,1205,120.5,49.978328636853526,45,4,10,10,334,17,1,397,10,1,0.4,120.5,0,1,0.7,1
INST_B,PL,Europe,F,BIO,Unknown,2024,30,3.6277886829596913,0.0,60,1651,165.1,94.25668263959975,52,8,10,10,510,17,3,360,15,3,0.8,165.1,0,0,0.742,1
INST_A,LK,Asia,F,BIO,Unknown,2024,18,2.9389962665419103,0.0,35,1905,190.5,78.50442308841231,71,5,10,10,646,25,2,489,16,2,0.5,190.5,0,1,0.606,1
INST_B,LK,Asia,M,ENG,Unknown,2024,26,3.769232657014262,0.0,35,1647,164.7,72.77675147707237,65,8,10,10,593,15,2,380,26,2,0.8,164.7,0,1,0.736,1
INST_B,DE,Europe,F,CS,Unknown,2024,24,2.374359683238657,0.0,67,1734,173.4,80.59528522190365,57,5,10,10,671,17,2,379,10,1,0.5,173.4,0,1,0.634,1
INST_B,LV,Baltics,F,BIO,Unknown,2024,27,2.72039876313714,0.0,70,1584,158.4,82.60104922658873,61,5,10,10,388,20,2,457,17,2,0.5,158.4,0,0,0.724,1
INST_A,LV,Baltics,M,BIO,Unknown,2024,40,3.144017482103767,0.0,70,1156,115.6,82.82001905068337,38,5,10,10,450,20,3,226,5,1,0.5,115.6,0,1,0.62,1
INST_A,LK,Asia,M,BA,Unknown,2024,34,3.080691869745794,0.0,35,1842,184.2,86.51114250648743,57,6,10,10,474,15,3,681,18,1,0.6,184.2,0,1,0.612,1
INST_A,IN,Asia,M,BIO,Unknown,2024,38,3.4953697494261395,0.0,48,916,91.6,90.09402495911331,71,4,10,10,97,24,1,554,25,2,0.4,91.6,0,1,0.704,1
INST_B,PL,Europe,M,CS,Unknown,2024,27,2.4740360890100885,0.0,60,1646,164.6,84.48168769357983,64,6,10,10,520,15,2,459,22,2,0.6,164.6,0,0,0.608,1
INST_A,IN,Asia,M,CS,Unknown,2024,19,3.081616395772464,0.0,48,1262,126.2,77.94984142240303,23,7,10,10,491,11,2,342,8,3,0.7,126.2,0,1,0.472,1
INST_B,PL,Europe,F,CS,Unknown,2024,25,2.426366754269268,0.0,60,1270,127.0,82.55099434087191,72,4,10,10,451,28,1,254,18,1,0.4,127.0,0,0,0.684,1
INST_B,IN,Asia,M,BA,Unknown,2024,29,2.8123024665398844,0.0,48,1651,165.1,65.85581894478945,56,3,10,10,493,27,0,608,12,2,0.3,165.1,0,0,0.722,1
INST_A,IN,Asia,M,CS,Unknown,2024,38,3.1335472187796656,0.0,48,1097,109.7,71.8950624173872,47,9,10,10,307,14,2,393,14,3,0.9,109.7,0,1,0.68,1
INST_B,ES,Europe,M,CS,Unknown,2024,39,3.067712992622765,0.0,51,1686,168.6,67.09727598378673,60,8,10,10,553,14,3,428,13,1,0.8,168.6,0,1,0.602,1
INST_B,PL,Europe,M,ENG,Unknown,2024,25,2.314112221104516,0.0,60,1667,166.7,104.42759320324404,52,9,10,10,524,14,3,697,21,3,0.9,166.7,0,0,0.688,1
INST_A,IT,Europe,M,CS,Unknown,2024,38,2.8955786702977844,0.0,76,1586,158.6,80.7426639254476,50,6,10,10,326,13,2,553,20,1,0.6,158.6,0,1,0.594,1
INST_A,IT,Europe,F,CS,Unknown,2024,29,3.001025420522448,0.0,76,1431,143.1,103.7641021205739,53,5,10,10,394,10,1,505,10,2,0.5,143.1,0,1,0.696,1
INST_B,IN,Asia,F,ENG,Unknown,2024,32,3.3918025471486497,0.0,48,1191,119.1,68.39013899028946,41,7,10,10,460,17,2,227,18,2,0.7,119.1,1,0,0.752,1
INST_B,PL,Europe,M,CS,Unknown,2024,43,2.8758732336839112,0.0,60,1528,152.8,83.83952926076498,74,5,10,10,579,20,1,292,16,2,0.5,152.8,0,0,0.63,1
INST_B,ES,Europe,M,ENG,Unknown,2024,27,3.4097030604323977,0.0,51,1629,162.9,79.98673501136159,39,7,10,10,607,5,2,402,21,3,0.7,162.9,0,1,0.824,1
INST_B,LK,Asia,M,ENG,Unknown,2024,23,2.427386014556639,0.0,35,1171,117.1,95.17405108536674,35,7,10,10,272,14,2,426,6,2,0.7,117.1,0,1,0.764,1
INST_B,PL,Europe,F,CS,Unknown,2024,26,3.797468411670349,0.0,60,1188,118.8,89.82674682100229,55,7,10,10,292,13,3,404,17,2,0.7,118.8,0,1,0.724,1
INST_B,IT,Europe,F,BIO,Unknown,2024,38,2.676136178460843,0.0,76,1477,147.7,106.40493931726624,70,3,10,10,209,23,1,525,22,0,0.3,147.7,0,1,0.66,1
INST_A,DE,Europe,F,BIO,Unknown,2024,23,2.546463410320752,0.0,67,1173,117.3,96.12150875035434,64,6,10,10,533,19,1,207,15,3,0.6,117.3,1,1,0.524,1
INST_A,LV,Baltics,M,ENG,Unknown,2024,31,2.83389801519594,0.0,70,1244,124.4,89.82600464849314,79,5,10,10,374,24,1,187,23,2,0.5,124.4,0,1,0.58,1
INST_B,LK,Asia,M,BA,Unknown,2024,43,2.4982602952479582,0.0,35,1375,137.5,95.69773014839774,61,5,10,10,570,21,2,527,22,1,0.5,137.5,0,1,0.718,1
INST_B,LK,Asia,F,BA,Unknown,2024,42,3.812248922978378,0.0,35,1843,184.3,77.47551584568868,49,6,10,10,672,9,1,448,16,3,0.6,184.3,0,0,0.612,1
INST_B,IN,Asia,M,BIO,Unknown,2024,25,3.0322344630513363,0.0,48,1618,161.8,99.90528848197509,63,7,10,10,409,26,3,680,22,1,0.7,161.8,0,0,0.764,1
INST_B,LV,Baltics,M,ENG,Unknown,2024,19,3.731586750104249,0.0,70,1308,130.8,68.25572829033797,31,7,10,10,332,3,1,391,16,2,0.7,130.8,0,1,0.734,1
INST_B,LV,Baltics,M,ENG,Unknown,2024,18,2.3368256659753275,0.0,70,1484,148.4,88.34679142762094,45,5,10,10,565,8,1,556,22,3,0.5,148.4,0,1,0.652,1
INST_A,LK,Asia,F,BA,Unknown,2024,21,3.6877542241905608,0.0,35,1661,166.1,104.65865149777792,63,5,10,10,519,20,1,509,24,2,0.5,166.1,0,1,0.574,1
INST_B,LV,Baltics,F,ENG,Unknown,2024,23,2.914199700812465,0.0,70,1290,129.0,94.12639256753536,43,9,10,10,477,15,3,165,12,2,0.9,129.0,1,0,0.716,1
INST_B,IT,Europe,M,ENG,Unknown,2024,42,3.38057527490316,0.0,76,1420,142.0,104.52644535129745,49,7,10,10,679,16,2,332,5,3,0.7,142.0,1,1,0.636,1
INST_A,LK,Asia,M,CS,Unknown,2024,43,1.8684955160199672,0.0,35,1365,136.5,99.02440776562783,70,2,10,10,426,28,1,571,16,0,0.2,136.5,0,0,0.704,1
INST_A,LK,Asia,F,ENG,Unknown,2024,29,2.5759546379056704,0.0,35,1502,150.2,102.18806192506051,76,4,10,10,318,24,2,644,24,1,0.4,150.2,0,1,0.674,1
INST_B,IT,Europe,M,BIO,Unknown,2024,29,2.3596563743294663,0.0,76,1107,110.7,86.69236798396193,72,7,10,10,130,29,2,242,14,2,0.7,110.7,0,0,0.652,1
INST_B,IN,Asia,F,ENG,Unknown,2024,31,4.0,0.0,48,1852,185.2,85.01607691097804,77,7,10,10,406,25,3,666,27,2,0.7,185.2,0,1,0.774,1
INST_B,PL,Europe,F,CS,Unknown,2024,28,2.716500832029379,0.0,60,1271,127.1,77.37707096492547,50,4,10,10,355,21,1,371,12,3,0.4,127.1,0,1,0.756,1
INST_B,DE,Europe,M,BIO,Unknown,2024,43,3.5036495336790563,0.0,67,1407,140.7,86.650062511999,75,7,10,10,628,24,3,529,25,3,0.7,140.7,0,0,0.74,1
INST_A,DE,Europe,M,BIO,Unknown,2024,39,2.9468091552924096,0.0,67,1391,139.1,76.76001563314067,38,5,10,10,355,13,2,411,2,2,0.5,139.1,0,0,0.688,1
INST_A,EE,Baltics,M,ENG,Unknown,2024,39,3.124678502930824,0.0,60,1842,184.2,74.12871688264046,58,4,10,10,623,20,1,283,14,2,0.4,184.2,1,0,0.664,1
INST_B,LK,Asia,M,BA,Unknown,2024,37,3.3041980957295616,0.0,35,1217,121.7,89.16781930719176,32,5,10,10,418,4,1,331,13,2,0.5,121.7,0,0,0.588,1
INST_A,DE,Europe,F,BA,Unknown,2024,24,3.3884039765964555,0.0,67,1301,130.1,86.72363512266358,45,4,10,10,429,27,2,453,8,1,0.4,130.1,0,1,0.57,1
INST_B,LK,Asia,F,ENG,Unknown,2024,42,2.1390243652267,0.0,35,1665,166.5,95.81376611832862,47,8,10,10,472,17,2,820,17,3,0.8,166.5,0,1,0.666,1
INST_B,LV,Baltics,M,BIO,Unknown,2024,19,3.857190160178301,0.0,70,1186,118.6,93.70070555882822,65,7,10,10,310,13,2,510,19,3,0.7,118.6,0,1,0.738,1
INST_A,LV,Baltics,F,CS,Unknown,2024,44,2.518944581260325,0.0,70,1092,109.2,113.12117396844855,68,8,10,10,46,19,3,269,25,3,0.8,109.2,0,0,0.608,1
INST_A,DE,Europe,M,BIO,Unknown,2024,26,2.9268318850289603,0.0,67,1383,138.3,102.3024383330568,44,5,10,10,456,18,2,303,7,1,0.5,138.3,0,1,0.612,1
INST_A,LK,Asia,M,BA,Unknown,2024,44,2.8540940966005435,0.0,35,1954,195.4,85.33359374960264,67,5,10,10,631,13,0,551,25,2,0.5,195.4,0,0,0.576,1
INST_A,LK,Asia,F,ENG,Unknown,2024,32,2.2108540924295177,0.0,35,1290,129.0,83.2265983124786,61,5,10,10,348,14,1,255,19,1,0.5,129.0,0,0,0.584,1
INST_A,IN,Asia,M,BIO,Unknown,2024,39,3.78559617606174,0.0,48,1476,147.6,96.88504069829928,59,7,10,10,559,20,1,230,18,2,0.7,147.6,1,1,0.648,1
INST_A,IN,Asia,M,CS,Unknown,2024,26,3.2613795229442477,0.0,48,1598,159.8,83.56341570594421,77,8,10,10,434,25,2,500,27,3,0.8,159.8,0,0,0.694,1
INST_B,LV,Baltics,M,CS,Unknown,2024,41,2.414455007148297,0.0,70,1416,141.6,83.61844559930807,65,5,10,10,422,14,1,460,28,2,0.5,141.6,0,1,0.676,1
INST_B,LK,Asia,M,ENG,Unknown,2024,25,3.064521164293617,0.0,35,1539,153.9,107.69963375569627,43,8,10,10,452,14,3,691,11,3,0.8,153.9,0,1,0.76,1
INST_B,DE,Europe,F,BIO,Unknown,2024,44,3.213384461108752,0.0,67,968,96.8,91.0199001439917,65,5,10,10,173,27,1,348,19,3,0.5,96.8,0,1,0.702,1
INST_B,LK,Asia,F,CS,Unknown,2024,34,2.929140952228084,0.0,35,1502,150.2,98.3438412464711,83,9,10,10,572,23,2,344,26,3,0.9,150.2,0,1,0.662,1
INST_A,LV,Baltics,M,CS,Unknown,2024,33,1.613350562579723,0.0,70,1239,123.9,86.77102691054839,64,4,10,10,472,20,1,262,26,1,0.4,123.9,0,0,0.6,1
INST_B,LK,Asia,F,BA,Unknown,2024,34,3.6801698695232266,0.0,35,1166,116.6,65.21281401006333,57,6,10,10,431,19,2,194,26,2,0.6,116.6,1,0,0.776,1
INST_B,DE,Europe,M,CS,Unknown,2024,39,3.259092441392251,0.0,67,925,92.5,83.89444426049783,57,8,10,10,347,18,2,252,23,3,0.8,92.5,0,1,0.81,1
INST_B,ES,Europe,M,BIO,Unknown,2024,24,3.2644677734789496,0.0,51,1131,113.1,51.947516249041634,41,7,10,10,300,11,2,296,12,2,0.7,113.1,0,1,0.84,1
INST_A,IT,Europe,M,BA,Unknown,2024,40,2.41332654107037,0.0,76,972,97.2,84.64540415429798,51,5,10,10,334,22,2,345,12,1,0.5,97.2,0,1,0.772,1
INST_A,LK,Asia,M,ENG,Unknown,2024,31,3.473606952738243,0.0,35,2066,206.6,103.10426222464757,68,5,10,10,841,20,2,464,20,1,0.5,206.6,0,1,0.624,1
INST_A,LV,Baltics,M,BA,Unknown,2024,32,1.771308462702327,0.0,70,1268,126.8,109.07061932527935,54,5,10,10,357,11,0,260,20,2,0.5,126.8,0,1,0.5,1
INST_A,LK,Asia,F,ENG,Unknown,2024,40,3.2942325562262758,0.0,35,1845,184.5,87.37181086216157,51,6,10,10,416,19,2,538,15,3,0.6,184.5,0,1,0.694,1
INST_A,LK,Asia,M,BA,Unknown,2024,22,1.8347159744380168,0.0,35,1194,119.4,85.62216743084443,46,4,10,10,494,26,1,234,14,2,0.4,119.4,1,0,0.65,1
INST_B,LV,Baltics,M,BA,Unknown,2024,25,3.724467012375426,0.0,70,1351,135.1,86.36286496199882,54,7,10,10,415,24,2,386,7,3,0.7,135.1,0,1,0.858,1
INST_A,IN,Asia,M,BIO,Unknown,2024,22,3.3619416135140723,0.0,48,1949,194.9,97.72461307163103,52,6,10,10,571,20,2,407,17,2,0.6,194.9,0,1,0.71,1
INST_B,IT,Europe,M,BA,Unknown,2024,25,2.9311442796097165,0.0,76,1342,134.2,82.43084643775316,47,7,10,10,361,18,1,398,13,2,0.7,134.2,0,1,0.73,1
INST_A,LK,Asia,M,CS,Unknown,2024,18,2.5805699286122743,0.0,35,1579,157.9,105.08139702154706,57,7,10,10,477,17,1,519,21,3,0.7,157.9,0,1,0.596,1
INST_B,ES,Europe,M,ENG,Unknown,2024,26,3.1028283202974496,0.0,51,1762,176.2,95.99513876580765,52,7,10,10,371,18,1,612,10,2,0.7,176.2,0,0,0.71,1
INST_A,LV,Baltics,F,ENG,Unknown,2024,43,2.523384231651497,0.0,70,1827,182.7,76.7348247755433,55,5,10,10,407,22,1,522,7,2,0.5,182.7,0,1,0.59,1
INST_B,ES,Europe,F,CS,Unknown,2024,25,4.0,0.0,51,1213,121.3,56.45066676114444,51,7,10,10,427,7,2,316,17,3,0.7,121.3,0,1,0.812,1
INST_A,EE,Baltics,F,ENG,Unknown,2024,24,3.38730480474232,0.0,60,1415,141.5,79.1864887465027,54,5,10,10,288,15,2,300,10,2,0.5,141.5,0,0,0.744,1
INST_B,DE,Europe,F,ENG,Unknown,2024,21,2.2726809387350304,0.0,67,1800,180.0,102.8742490184551,58,7,10,10,475,14,1,820,19,3,0.7,180.0,0,1,0.686,1
INST_A,LT,Baltics,M,BA,Unknown,2024,37,2.8756991178585847,0.0,65,1488,148.8,99.61459063142641,54,5,10,10,240,18,0,520,8,3,0.5,148.8,0,1,0.584,1
INST_A,LV,Baltics,F,CS,Unknown,2024,39,2.185282652252196,0.0,70,1768,176.8,100.21621070909082,40,4,10,10,803,12,1,385,18,1,0.4,176.8,1,1,0.426,1
INST_A,LV,Baltics,M,ENG,Unknown,2024,20,3.25957327163574,0.0,70,1688,168.8,89.6124991281908,52,5,10,10,565,17,2,378,10,1,0.5,168.8,0,1,0.726,1
INST_B,LV,Baltics,M,ENG,Unknown,2024,31,3.652505244423213,0.0,70,1732,173.2,92.53683951090325,42,9,10,10,512,12,3,685,15,2,0.9,173.2,0,1,0.754,1
INST_A,LT,Baltics,F,CS,Unknown,2024,28,3.381882692435047,0.0,65,1122,112.2,98.01224413306738,44,3,10,10,161,12,1,438,11,2,0.3,112.2,0,1,0.65,1
INST_A,LK,Asia,M,ENG,Unknown,2024,30,2.9721346709755627,0.0,35,1487,148.7,66.64174534195682,66,5,10,10,471,15,2,559,18,1,0.5,148.7,0,0,0.66,1
INST_A,LV,Baltics,F,ENG,Unknown,2024,44,2.3799495822124666,0.0,70,1353,135.3,67.7020432975746,54,8,10,10,431,16,2,282,20,2,0.8,135.3,0,0,0.634,1
INST_A,LV,Baltics,M,CS,Unknown,2024,22,4.0,0.0,70,1437,143.7,82.16250834643364,65,4,10,10,622,27,0,318,14,1,0.4,143.7,0,0,0.618,1
INST_B,LK,Asia,M,BA,Unknown,2024,19,3.9060169455393927,0.0,35,1732,173.2,87.48053751803566,52,3,10,10,531,9,1,525,11,1,0.3,173.2,0,1,0.564,1
INST_A,LT,Baltics,F,CS,Unknown,2024,42,3.287041425997901,0.0,65,1554,155.4,94.18445259760821,65,8,10,10,640,23,2,136,11,3,0.8,155.4,1,1,0.482,1
INST_B,LK,Asia,M,CS,Unknown,2024,41,2.010373761658111,0.0,35,1789,178.9,76.65282483741585,63,6,10,10,529,28,2,740,10,2,0.6,178.9,0,0,0.608,1
INST_A,EE,Baltics,F,BA,Unknown,2024,30,2.741155858880495,0.0,60,1537,153.7,104.85656870220387,67,6,10,10,547,13,2,347,27,1,0.6,153.7,0,1,0.578,1
INST_B,ES,Europe,F,BIO,Unknown,2024,18,2.961902163988025,0.0,51,2254,225.4,79.72062329019873,32,8,10,10,707,10,3,803,15,1,0.8,225.4,0,0,0.554,1
INST_B,DE,Europe,F,ENG,Unknown,2024,28,3.626052712254296,0.0,67,1500,150.0,65.56082841317841,59,8,10,10,471,12,3,593,14,2,0.8,150.0,0,0,0.878,1
INST_A,LV,Baltics,M,BIO,Unknown,2024,18,3.749697668064,0.0,70,1723,172.3,99.43400938422539,40,5,10,10,514,8,2,637,8,1,0.5,172.3,0,0,0.7,1
INST_B,PL,Europe,F,BA,Unknown,2024,27,1.9221965607082248,0.0,60,2241,224.1,55.32419603271851,58,3,10,10,688,14,2,695,21,1,0.3,224.1,0,1,0.642,1
INST_B,DE,Europe,F,BIO,Unknown,2024,27,1.721160131082997,0.0,67,1483,148.3,85.59341875011965,40,6,10,10,527,10,1,433,10,3,0.6,148.3,0,1,0.674,1
INST_B,ES,Europe,M,BA,Unknown,2024,24,3.0018526753987373,0.0,51,1494,149.4,69.15232783098806,44,5,10,10,351,11,1,545,17,2,0.5,149.4,0,0,0.73,1
INST_B,IN,Asia,M,BIO,Unknown,2024,38,2.675790937515797,0.0,48,1512,151.2,82.12023705112726,44,7,10,10,356,23,3,259,9,1,0.7,151.2,0,1,0.728,1
INST_A,EE,Baltics,M,BIO,Unknown,2024,31,2.779837936026315,0.0,60,1612,161.2,80.84800554126242,41,4,10,10,516,10,2,383,14,0,0.4,161.2,0,1,0.64,1
INST_B,DE,Europe,F,ENG,Unknown,2024,26,2.976161159193064,0.0,67,1262,126.2,79.54984461190216,46,8,10,10,348,10,1,584,13,3,0.8,126.2,0,1,0.832,1
INST_B,IN,Asia,F,BIO,Unknown,2024,28,2.7177464171931565,0.0,48,1306,130.6,75.9432536686293,45,6,10,10,369,17,2,387,12,1,0.6,130.6,0,0,0.738,1
INST_B,ES,Europe,M,CS,Unknown,2024,21,2.435102300851974,0.0,51,1321,132.1,88.90750499504777,61,10,10,10,409,13,3,615,26,3,1.0,132.1,0,0,0.62,1
INST_B,PL,Europe,F,CS,Unknown,2024,31,2.2582166569741986,0.0,60,1504,150.4,121.51652836822926,53,5,10,10,642,17,1,272,9,2,0.5,150.4,1,1,0.654,1
INST_B,LV,Baltics,F,CS,Unknown,2024,24,2.892877728314545,0.0,70,1720,172.0,97.43829956553131,52,8,10,10,213,11,2,557,9,3,0.8,172.0,0,1,0.844,1
INST_B,ES,Europe,M,BIO,Unknown,2024,22,2.870653510379072,0.0,51,1417,141.7,85.6012071565972,70,8,10,10,234,25,2,525,17,3,0.8,141.7,0,0,0.71,1
INST_A,DE,Europe,M,CS,Unknown,2024,30,1.7341794166922673,0.0,67,1382,138.2,90.74849248824407,54,6,10,10,511,12,2,458,18,1,0.6,138.2,0,1,0.736,1
INST_A,DE,Europe,F,ENG,Unknown,2024,34,1.651732159102644,0.0,67,1290,129.0,88.66165399364534,58,8,10,10,383,9,1,426,18,3,0.8,129.0,0,0,0.624,1
INST_A,LK,Asia,F,BA,Unknown,2024,41,3.5721053575873016,0.0,35,1300,130.0,82.67741865561331,50,3,10,10,351,17,1,522,22,2,0.3,130.0,0,0,0.512,1
INST_A,DE,Europe,M,ENG,Unknown,2024,30,2.5871816182241933,0.0,67,1708,170.8,77.40341651948503,59,7,10,10,541,15,1,579,27,2,0.7,170.8,0,0,0.548,1
INST_B,IN,Asia,F,BA,Unknown,2024,27,2.9994933837316924,0.0,48,1401,140.1,79.24007123223002,62,9,10,10,504,24,3,448,21,3,0.9,140.1,0,1,0.83,1
INST_A,DE,Europe,F,ENG,Unknown,2024,28,3.0038851446942583,0.0,67,1906,190.6,82.97817651514028,59,7,10,10,632,20,3,499,19,1,0.7,190.6,0,1,0.66,1
INST_A,IN,Asia,M,ENG,Unknown,2024,20,2.301086336400174,0.0,48,1481,148.1,96.92775087088778,49,4,10,10,460,16,1,479,13,1,0.4,148.1,0,1,0.694,1
INST_A,EE,Baltics,M,BA,Unknown,2024,40,2.8645205080321805,0.0,60,1457,145.7,121.35077713435176,77,4,10,10,303,27,1,541,19,2,0.4,145.7,0,0,0.594,1
INST_A,IN,Asia,M,CS,Unknown,2024,37,3.17764240366132,0.0,48,1470,147.0,101.96404595084812,46,4,10,10,486,15,1,311,22,1,0.4,147.0,0,0,0.68,1
INST_A,DE,Europe,F,CS,Unknown,2024,26,3.5546673705216656,0.0,67,1880,188.0,70.36413227711338,47,8,10,10,494,10,2,467,26,2,0.8,188.0,0,0,0.656,1
INST_A,LV,Baltics,M,ENG,Unknown,2024,26,2.985279566108899,0.0,70,1140,114.0,86.26445128530962,36,9,10,10,175,12,3,422,12,3,0.9,114.0,0,0,0.752,1
INST_B,PL,Europe,M,CS,Unknown,2024,24,3.1915845113280965,0.0,60,1263,126.3,79.5767274745296,50,4,10,10,486,19,2,155,13,1,0.4,126.3,1,1,0.664,1
INST_A,EE,Baltics,M,BA,Unknown,2024,44,3.949866926041246,0.0,60,1501,150.1,108.79894811583019,51,4,10,10,386,23,1,462,7,1,0.4,150.1,0,1,0.546,1
INST_A,EE,Baltics,M,CS,Unknown,2024,26,3.521620483921687,0.0,60,1486,148.6,103.74991298523794,57,7,10,10,323,15,2,369,12,3,0.7,148.6,0,1,0.648,1
INST_A,IT,Europe,M,ENG,Unknown,2024,25,1.8115022205715363,0.0,76,1616,161.6,76.42745289197826,63,6,10,10,667,17,2,311,24,3,0.6,161.6,1,0,0.698,1
INST_A,LT,Baltics,M,BA,Unknown,2024,23,3.626641741764846,0.0,65,1094,109.4,82.12754308594245,60,7,10,10,172,21,3,479,18,1,0.7,109.4,0,0,0.564,1
INST_B,DE,Europe,F,ENG,Unknown,2024,23,2.9838043616092813,0.0,67,1211,121.1,104.6076797690622,61,6,10,10,524,21,2,155,17,3,0.6,121.1,1,0,0.668,1
INST_B,PL,Europe,M,BIO,Unknown,2024,37,3.606561625232733,0.0,60,1531,153.1,87.63237605664548,67,4,10,10,242,19,1,572,22,1,0.4,153.1,0,0,0.724,1
INST_B,LK,Asia,F,ENG,Unknown,2024,35,2.978529458521628,0.0,35,1146,114.6,70.88989898270259,37,7,10,10,343,14,3,439,7,1,0.7,114.6,0,1,0.768,1
INST_A,IT,Europe,M,BIO,Unknown,2024,21,3.6212707791421375,0.0,76,1458,145.8,91.16992681556543,54,6,10,10,421,23,1,475,13,1,0.6,145.8,0,1,0.616,1
INST_A,LK,Asia,M,BA,Unknown,2024,31,2.1807806529030533,0.0,35,1508,150.8,84.6598422446492,27,7,10,10,396,2,3,650,9,2,0.7,150.8,0,0,0.52,1
INST_B,IT,Europe,M,CS,Unknown,2024,38,3.705583587074638,0.0,76,1056,105.6,85.5481670691365,53,5,10,10,340,17,2,493,11,0,0.5,105.6,0,1,0.81,1
INST_A,DE,Europe,F,CS,Unknown,2024,32,3.088617198858193,0.0,67,2001,200.1,99.90489922365613,48,4,10,10,437,8,2,688,21,2,0.4,200.1,0,0,0.59,1
INST_B,ES,Europe,M,ENG,Unknown,2024,19,1.5070887329450382,0.0,51,1522,152.2,94.06711551983628,63,6,10,10,228,29,3,717,9,1,0.6,152.2,0,1,0.644,1
INST_A,LK,Asia,M,BIO,Unknown,2024,20,3.243815505047753,0.0,35,1633,163.3,107.5712167202113,63,8,10,10,374,19,3,619,14,2,0.8,163.3,0,0,0.62,1
INST_B,IT,Europe,M,CS,Unknown,2024,36,2.968497492081612,0.0,76,1295,129.5,87.08775905819243,56,4,10,10,410,16,2,478,13,1,0.4,129.5,0,0,0.642,1
INST_B,IT,Europe,M,BIO,Unknown,2024,42,3.6307675374055255,0.0,76,1810,181.0,83.14378442727326,54,8,10,10,755,18,3,418,17,1,0.8,181.0,0,0,0.62,1
INST_A,EE,Baltics,F,BIO,Unknown,2024,26,3.488953854709593,0.0,60,1348,134.8,52.391263054486906,52,4,10,10,429,8,1,385,27,1,0.4,134.8,0,1,0.712,1
INST_B,ES,Europe,F,CS,Unknown,2024,36,2.082150654786449,0.0,51,2100,210.0,105.1284928076114,71,6,10,10,787,22,2,463,15,1,0.6,210.0,0,1,0.526,1
INST_A,IT,Europe,F,BA,Unknown,2024,24,2.994453533392028,0.0,76,1493,149.3,73.6629712496946,53,4,10,10,278,17,2,579,12,1,0.4,149.3,0,0,0.63,1
INST_B,IT,Europe,M,BIO,Unknown,2024,30,3.2770807425410866,0.0,76,1132,113.2,70.1122908863584,59,6,10,10,403,16,1,423,12,2,0.6,113.2,0,0,0.746,1
INST_B,LK,Asia,M,CS,Unknown,2024,33,2.596378097270292,0.0,35,1324,132.4,104.04293985337657,70,7,10,10,634,11,2,152,18,3,0.7,132.4,1,0,0.782,1
INST_B,DE,Europe,M,BIO,Unknown,2024,21,3.249317933625923,0.0,67,1909,190.9,104.82943818942802,76,8,10,10,559,21,2,545,27,3,0.8,190.9,0,1,0.67,1
INST_B,IN,Asia,F,BA,Unknown,2024,29,3.5505962666895994,0.0,48,1202,120.2,64.77276519580673,65,6,10,10,448,18,2,453,10,2,0.6,120.2,0,1,0.708,1
INST_A,EE,Baltics,M,ENG,Unknown,2024,35,2.877957912499644,0.0,60,1249,124.9,73.30673760151775,47,5,10,10,334,7,1,471,17,2,0.5,124.9,0,1,0.674,1
INST_B,IT,Europe,M,CS,Unknown,2024,32,2.639468942600604,0.0,76,1112,111.2,107.44900599302392,62,8,10,10,653,18,3,43,10,2,0.8,111.2,1,1,0.574,1
INST_B,DE,Europe,M,BA,Unknown,2024,27,2.544546392900022,0.0,67,1222,122.2,99.2391051954823,66,9,10,10,343,24,3,291,20,2,0.9,122.2,0,1,0.656,1
INST_A,DE,Europe,F,CS,Unknown,2024,18,1.9999154087594797,0.0,67,1723,172.3,93.76216958051069,64,9,10,10,598,12,3,636,21,2,0.9,172.3,0,1,0.608,1
INST_A,LT,Baltics,M,BA,Unknown,2024,27,2.9675449323601373,0.0,65,1908,190.8,97.96688783007814,49,7,10,10,428,12,2,586,15,2,0.7,190.8,0,1,0.588,1
INST_A,IT,Europe,M,ENG,Unknown,2024,37,3.5806950091912184,0.0,76,1528,152.8,81.53772133190871,46,7,10,10,492,4,2,526,16,3,0.7,152.8,0,1,0.61,1
INST_B,IN,Asia,M,ENG,Unknown,2024,29,2.7327646891436994,0.0,48,1119,111.9,77.38712209836122,72,7,10,10,303,14,2,536,29,2,0.7,111.9,0,1,0.702,1
INST_A,EE,Baltics,F,BA,Unknown,2024,31,2.5348539897521856,0.0,60,1264,126.4,72.60578489349179,60,7,10,10,237,21,3,542,26,3,0.7,126.4,0,0,0.5,1
INST_A,EE,Baltics,M,BA,Unknown,2024,30,3.1832556290055862,0.0,60,1410,141.0,83.63678085095762,41,7,10,10,461,12,3,517,14,1,0.7,141.0,0,0,0.746,1
INST_B,LV,Baltics,F,CS,Unknown,2024,40,2.02934293970133,0.0,70,1657,165.7,73.31825602581303,55,5,10,10,553,14,2,349,13,2,0.5,165.7,0,1,0.698,1
INST_A,EE,Baltics,F,BIO,Unknown,2024,21,3.0761311836610377,0.0,60,1026,102.6,73.03606415098412,66,6,10,10,265,25,2,266,17,2,0.6,102.6,0,1,0.694,1
INST_A,IN,Asia,M,BA,Unknown,2024,28,2.5090061654429654,0.0,48,1520,152.0,105.03332804400706,54,9,10,10,329,15,3,476,28,2,0.9,152.0,0,1,0.474,1
INST_A,IT,Europe,F,CS,Unknown,2024,42,2.8985923956291493,0.0,76,1405,140.5,59.25322307220464,75,7,10,10,588,25,1,453,27,3,0.7,140.5,0,1,0.636,1
INST_B,LV,Baltics,M,CS,Unknown,2024,30,3.342477278327504,0.0,70,1781,178.1,93.43738247855858,53,6,10,10,451,20,2,561,11,2,0.6,178.1,0,1,0.798,1
INST_A,IN,Asia,F,BIO,Unknown,2024,38,2.559247036408105,0.0,48,1302,130.2,62.310691074824575,58,5,10,10,295,15,2,575,22,1,0.5,130.2,0,1,0.626,1
INST_A,IT,Europe,M,ENG,Unknown,2024,27,3.3007153284214343,0.0,76,1553,155.3,84.88560930255886,54,6,10,10,519,11,2,680,24,2,0.6,155.3,0,1,0.61,1
INST_A,IT,Europe,M,CS,Unknown,2024,41,2.472077324182973,0.0,76,1308,130.8,69.5857584407742,57,5,10,10,357,20,2,441,7,1,0.5,130.8,0,1,0.678,1
INST_B,IN,Asia,F,ENG,Unknown,2024,32,3.859049998119911,0.0,48,1771,177.1,56.59691785875897,51,6,10,10,600,10,2,469,26,1,0.6,177.1,0,0,0.748,1
INST_B,ES,Europe,M,ENG,Unknown,2024,19,4.0,0.0,51,1165,116.5,67.0940467635625,54,6,10,10,398,11,1,175,29,3,0.6,116.5,1,0,0.64,1
INST_A,EE,Baltics,M,BA,Unknown,2024,18,3.717588087380377,0.0,60,1727,172.7,82.9565481977697,56,6,10,10,677,27,3,643,8,1,0.6,172.7,0,1,0.706,1
INST_A,LK,Asia,F,BIO,Unknown,2024,25,3.351654205988191,0.0,35,1361,136.1,95.62246365554255,80,6,10,10,413,23,1,353,29,3,0.6,136.1,0,0,0.728,1
INST_A,LV,Baltics,Other,ENG,Unknown,2024,28,2.189010680583245,0.0,70,1976,197.6,73.96726002465925,41,5,10,10,494,12,1,529,10,1,0.5,197.6,0,1,0.612,1
INST_A,LV,Baltics,M,BA,Unknown,2024,41,3.0865664378540623,0.0,70,1619,161.9,92.55322792858172,57,6,10,10,467,14,1,688,17,2,0.6,161.9,0,1,0.554,1
INST_A,LV,Baltics,F,BA,Unknown,2024,23,3.188544461837011,0.0,70,1684,168.4,98.96598742328936,61,8,10,10,464,20,2,663,11,2,0.8,168.4,0,1,0.65,1
INST_B,IN,Asia,F,BA,Unknown,2024,35,2.9482456757851367,0.0,48,1315,131.5,107.47945540117578,49,6,10,10,484,14,3,387,17,2,0.6,131.5,0,1,0.722,1
INST_B,LK,Asia,F,CS,Unknown,2024,29,2.607346203682133,0.0,35,1807,180.7,121.32147377937676,48,5,10,10,333,12,2,653,16,2,0.5,180.7,0,1,0.676,1
INST_B,LV,Baltics,M,ENG,Unknown,2024,19,2.806094657312864,0.0,70,1535,153.5,91.77902205236711,73,6,10,10,548,23,2,537,22,2,0.6,153.5,0,1,0.656,1
INST_B,PL,Europe,F,CS,Unknown,2024,21,3.371803500049842,0.0,60,1902,190.2,83.95077923005441,50,9,10,10,529,17,2,561,17,3,0.9,190.2,0,1,0.604,1
INST_B,IN,Asia,F,BIO,Unknown,2024,44,2.341679285670995,0.0,48,1359,135.9,79.46970072507719,54,4,10,10,633,16,1,410,13,0,0.4,135.9,0,1,0.622,1
INST_B,IT,Europe,F,BIO,Unknown,2024,32,2.09591864320313,0.0,76,1473,147.3,101.41120911089332,57,4,10,10,506,12,1,396,18,1,0.4,147.3,0,0,0.566,1
INST_A,EE,Baltics,M,CS,Unknown,2024,28,3.3012261963413385,0.0,60,1516,151.6,97.59804187471067,39,8,10,10,368,10,3,195,10,3,0.8,151.6,0,1,0.55,1
INST_B,IT,Europe,F,ENG,Unknown,2024,42,2.847161069349246,0.0,76,1665,166.5,99.82679444362063,57,5,10,10,330,16,2,397,17,0,0.5,166.5,0,1,0.642,1
INST_B,PL,Europe,M,CS,Unknown,2024,19,3.743075322930248,0.0,60,1596,159.6,98.29909008282381,50,4,10,10,409,22,1,518,13,0,0.4,159.6,0,1,0.7,1
INST_B,LK,Asia,M,ENG,Unknown,2024,29,2.870839821364441,0.0,35,1418,141.8,112.62504162041407,48,8,10,10,472,14,3,421,8,2,0.8,141.8,0,1,0.722,1
INST_B,PL,Europe,F,CS,Unknown,2024,21,3.0249879873532977,0.0,60,1414,141.4,105.50745102703516,47,9,10,10,397,22,3,578,10,3,0.9,141.4,0,1,0.684,1
INST_A,LK,Asia,F,ENG,Unknown,2024,27,2.492763148408524,0.0,35,1684,168.4,85.11064693810184,51,6,10,10,696,23,1,520,16,2,0.6,168.4,0,0,0.664,1
INST_A,DE,Europe,F,BIO,Unknown,2024,29,2.868960346948608,0.0,67,1719,171.9,93.55384664578052,50,3,10,10,545,16,1,288,18,1,0.3,171.9,0,1,0.64,1
INST_A,LT,Baltics,M,BA,Unknown,2024,31,3.64052911618778,0.0,65,1881,188.1,92.03556076019989,68,7,10,10,348,27,2,617,26,2,0.7,188.1,0,1,0.582,1
INST_A,IT,Europe,M,CS,Unknown,2024,37,2.4788466600216528,0.0,76,1412,141.2,93.43066353659749,56,7,10,10,286,21,3,177,6,1,0.7,141.2,0,1,0.588,1
INST_B,ES,Europe,M,BIO,Unknown,2024,32,3.068349601663606,0.0,51,1802,180.2,84.95332051583779,56,7,10,10,532,23,3,640,17,1,0.7,180.2,0,0,0.75,1
INST_A,LK,Asia,M,ENG,Unknown,2024,40,3.305904586013601,0.0,35,1412,141.2,69.15811192076056,51,6,10,10,456,18,1,492,9,2,0.6,141.2,0,0,0.694,1
INST_A,LK,Asia,M,BIO,Unknown,2024,43,3.52445501698672,0.0,35,1060,106.0,79.79835698670604,59,6,10,10,204,7,2,532,18,1,0.6,106.0,0,1,0.788,1
INST_A,LK,Asia,M,BIO,Unknown,2024,23,3.249674209243938,0.0,35,1591,159.1,87.8754800840371,56,6,10,10,398,10,3,437,22,1,0.6,159.1,0,1,0.636,1
INST_B,DE,Europe,M,ENG,Unknown,2024,44,3.367111749513068,0.0,67,1619,161.9,52.42656239392818,63,8,10,10,546,23,2,509,18,3,0.8,161.9,0,1,0.736,1
INST_B,LK,Asia,M,ENG,Unknown,2024,19,3.2684087282989336,0.0,35,1101,110.1,76.87428409784091,52,9,10,10,469,20,2,336,22,3,0.9,110.1,0,0,0.84,1
INST_B,PL,Europe,M,BA,Unknown,2024,22,3.957162704301891,0.0,60,1518,151.8,98.3935408900853,51,5,10,10,594,20,1,360,12,1,0.5,151.8,0,1,0.776,1
INST_B,IT,Europe,M,BIO,Unknown,2024,27,2.83447473426396,0.0,76,1908,190.8,78.65790911705362,49,8,10,10,630,21,3,448,10,2,0.8,190.8,0,1,0.786,1
INST_A,EE,Baltics,F,BIO,Unknown,2024,38,2.966373718726508,0.0,60,1333,133.3,78.42342337167725,45,7,10,10,515,16,3,232,15,1,0.7,133.3,1,1,0.678,1
INST_B,PL,Europe,F,BA,Unknown,2024,19,3.1097199793099657,0.0,60,1397,139.7,88.422030940007,41,8,10,10,510,9,2,238,24,2,0.8,139.7,1,0,0.712,1
INST_B,LV,Baltics,F,CS,Unknown,2024,35,2.2749103148948686,0.0,70,1408,140.8,86.35559558528266,69,6,10,10,542,15,2,580,23,2,0.6,140.8,0,1,0.768,1
INST_A,EE,Baltics,M,BA,Unknown,2024,18,4.0,0.0,60,1368,136.8,107.63807669944477,41,3,10,10,471,5,1,340,8,1,0.3,136.8,0,1,0.578,1
INST_A,DE,Europe,M,BIO,Unknown,2024,32,2.85675551977462,0.0,67,1259,125.9,76.7715948627992,65,5,10,10,401,19,1,468,17,3,0.5,125.9,0,1,0.602,1
INST_B,IN,Asia,M,CS,Unknown,2024,37,3.805450468207189,0.0,48,1534,153.4,72.01419613134931,39,7,10,10,626,8,3,340,11,1,0.7,153.4,0,0,0.68,1
INST_B,ES,Europe,F,BA,Unknown,2024,18,1.969735526437844,0.0,51,1608,160.8,92.54524419019175,54,8,10,10,454,9,3,576,21,2,0.8,160.8,0,1,0.49,1
INST_B,IT,Europe,F,CS,Unknown,2024,35,3.339701212363301,0.0,76,1133,113.3,109.80796368610471,61,7,10,10,490,20,3,557,18,2,0.7,113.3,0,1,0.734,1
INST_A,LV,Baltics,M,ENG,Unknown,2024,32,3.575011879395204,0.0,70,1587,158.7,68.47878828107609,50,6,10,10,388,8,2,345,18,2,0.6,158.7,0,0,0.664,1
INST_B,DE,Europe,M,BIO,Unknown,2024,34,2.7396341043008583,0.0,67,1246,124.6,91.50737675182259,75,4,10,10,335,27,3,430,17,0,0.4,124.6,0,1,0.638,1
INST_B,IN,Asia,M,CS,Unknown,2024,41,2.508209751536594,0.0,48,1288,128.8,85.65278746193844,71,7,10,10,392,14,2,338,29,2,0.7,128.8,0,1,0.692,1
INST_A,LV,Baltics,F,CS,Unknown,2024,44,2.807029850631619,0.0,70,2036,203.6,74.86165017328075,46,7,10,10,624,21,2,617,16,2,0.7,203.6,0,1,0.64,1
INST_B,LV,Baltics,F,BIO,Unknown,2024,19,3.5774426553628413,0.0,70,1476,147.6,98.7648160474614,51,5,10,10,375,14,1,376,9,0,0.5,147.6,0,1,0.744,1
INST_B,ES,Europe,F,ENG,Unknown,2024,26,2.8209728603946576,0.0,51,779,77.9,92.33567987391321,50,6,10,10,168,8,1,326,22,3,0.6,77.9,0,1,0.642,1
INST_B,LK,Asia,M,BA,Unknown,2024,22,3.101583238370519,0.0,35,1335,133.5,71.84280679990788,53,6,10,10,478,22,1,459,6,3,0.6,133.5,0,1,0.696,1
INST_B,LK,Asia,M,CS,Unknown,2024,26,2.4572148825422486,0.0,35,1669,166.9,82.31302043621855,61,9,10,10,295,19,3,654,23,3,0.9,166.9,0,0,0.668,1
INST_B,DE,Europe,F,BA,Unknown,2024,21,2.9658261058190183,0.0,67,1613,161.3,104.33072414202827,48,8,10,10,281,14,2,572,10,2,0.8,161.3,0,0,0.718,1
INST_B,LK,Asia,M,BIO,Unknown,2024,41,3.272621102214228,0.0,35,1166,116.6,98.02743380185863,45,7,10,10,347,20,2,235,5,3,0.7,116.6,0,1,0.672,1
INST_B,LK,Asia,F,BA,Unknown,2024,34,3.086015568390234,0.0,35,1691,169.1,102.51661112012802,45,4,10,10,174,13,1,664,12,2,0.4,169.1,0,1,0.666,1
INST_B,LK,Asia,F,ENG,Unknown,2024,33,3.39027055474825,0.0,35,1403,140.3,96.72762445823494,45,7,10,10,217,12,1,487,8,3,0.7,140.3,0,1,0.766,1
INST_B,IN,Asia,M,CS,Unknown,2024,39,2.5073109979650594,0.0,48,1472,147.2,76.63738571277656,52,9,10,10,503,16,3,395,25,2,0.9,147.2,0,0,0.706,1
INST_B,IN,Asia,M,ENG,Unknown,2024,21,3.0362865402955097,0.0,48,1387,138.7,76.77101594279503,40,3,10,10,533,13,1,397,5,1,0.3,138.7,0,1,0.776,1
INST_A,IN,Asia,F,ENG,Unknown,2024,30,1.778332832864014,0.0,48,1533,153.3,96.75863441230108,46,5,10,10,249,18,1,484,13,2,0.5,153.3,0,0,0.634,1
INST_A,IT,Europe,F,BA,Unknown,2024,18,1.7590143507727405,0.0,76,1730,173.0,103.56211233415003,54,7,10,10,430,16,2,721,9,3,0.7,173.0,0,1,0.656,1
INST_B,IT,Europe,F,BA,Unknown,2024,41,2.353682599001054,0.0,76,1810,181.0,81.72310974667243,63,7,10,10,572,15,2,536,15,2,0.7,181.0,0,0,0.774,1
INST_A,DE,Europe,M,ENG,Unknown,2024,26,2.2661258042216814,0.0,67,2014,201.4,80.93097195896156,90,7,10,10,852,30,1,496,26,3,0.7,201.4,0,0,0.59,1
INST_A,LT,Baltics,Other,CS,Unknown,2024,41,2.930363894937174,0.0,65,1165,116.5,101.9381620831418,49,7,10,10,364,14,2,485,5,1,0.7,116.5,0,1,0.608,1
INST_B,LV,Baltics,M,ENG,Unknown,2024,19,2.8661864675519606,0.0,70,888,88.8,68.15146529768984,54,6,10,10,301,22,1,195,11,1,0.6,88.8,0,0,0.63,1
INST_B,LV,Baltics,F,ENG,Unknown,2024,29,3.807123047187448,0.0,70,1557,155.7,75.37321952936747,59,6,10,10,593,15,0,466,11,3,0.6,155.7,0,1,0.804,1
INST_B,PL,Europe,F,BA,Unknown,2024,36,3.742578172468926,0.0,60,1815,181.5,74.79490475813027,55,7,10,10,736,17,2,528,19,1,0.7,181.5,0,1,0.726,1
INST_A,IT,Europe,F,CS,Unknown,2024,18,2.7785051520004265,0.0,76,1462,146.2,102.82757952568518,53,8,10,10,368,15,2,518,17,3,0.8,146.2,0,1,0.672,1
INST_B,IT,Europe,F,BA,Unknown,2024,38,2.9784298279652788,0.0,76,1416,141.6,91.03259489508872,69,6,10,10,482,22,2,511,18,0,0.6,141.6,0,1,0.762,1
INST_A,LV,Baltics,M,CS,Unknown,2024,35,4.0,0.0,70,1870,187.0,48.855796881116255,71,7,10,10,639,23,1,570,19,3,0.7,187.0,0,1,0.678,1
INST_A,LV,Baltics,M,BIO,Unknown,2024,21,2.463730714123376,0.0,70,1895,189.5,96.45292461437687,57,6,10,10,569,19,2,745,20,3,0.6,189.5,0,1,0.66,1
INST_B,ES,Europe,M,ENG,Unknown,2024,42,3.7852718003595074,0.0,51,1899,189.9,98.32197674533965,65,7,10,10,494,20,2,461,22,3,0.7,189.9,0,1,0.694,1
INST_A,DE,Europe,M,BA,Unknown,2024,19,3.6529761868493247,0.0,67,1734,173.4,95.56289377507709,58,5,10,10,530,18,1,333,19,2,0.5,173.4,0,1,0.568,1
INST_A,DE,Europe,M,BA,Unknown,2024,25,3.11841636281484,0.0,67,1504,150.4,80.85954901350036,59,5,10,10,441,15,1,385,21,2,0.5,150.4,0,1,0.646,1
INST_B,IT,Europe,M,BA,Unknown,2024,27,3.2405870443372686,0.0,76,1725,172.5,45.201401158223696,59,6,10,10,583,19,1,485,18,3,0.6,172.5,0,0,0.722,1
INST_B,LV,Baltics,M,BIO,Unknown,2024,27,2.671156945603766,0.0,70,1865,186.5,78.92225429004307,71,6,10,10,549,28,1,592,14,2,0.6,186.5,0,0,0.73,1
INST_B,LV,Baltics,F,BIO,Unknown,2024,19,2.7816022199460853,0.0,70,1804,180.4,78.92640735379875,52,7,10,10,367,19,3,755,16,2,0.7,180.4,0,1,0.758,1
INST_A,LK,Asia,M,ENG,Unknown,2024,19,2.383320854844788,0.0,35,1113,111.3,53.245865775872424,66,6,10,10,336,14,2,413,12,0,0.6,111.3,0,1,0.79,1
INST_A,EE,Baltics,F,ENG,Unknown,2024,30,2.8544800141660285,0.0,60,1144,114.4,96.68183788994591,54,3,10,10,283,16,0,386,12,1,0.3,114.4,0,1,0.668,1
INST_A,LV,Baltics,M,ENG,Unknown,2024,34,3.1729607878725825,0.0,70,1857,185.7,88.89075692481569,61,5,10,10,563,27,2,557,12,2,0.5,185.7,0,1,0.75,1
INST_B,LV,Baltics,F,ENG,Unknown,2024,33,3.565693380979155,0.0,70,1475,147.5,101.19645360496693,62,5,10,10,271,13,2,472,12,1,0.5,147.5,0,1,0.812,1
INST_B,IN,Asia,M,BA,Unknown,2024,44,3.177688105335048,0.0,48,1426,142.6,89.97802200784615,51,3,10,10,471,14,0,614,20,1,0.3,142.6,0,1,0.568,1
INST_B,IN,Asia,F,ENG,Unknown,2024,32,3.0071948465761165,0.0,48,1866,186.6,96.46323421674994,38,4,10,10,672,10,1,381,4,1,0.4,186.6,0,1,0.644,1
INST_A,LV,Baltics,M,CS,Unknown,2024,39,2.671435034467321,0.0,70,652,65.2,52.56699429194033,36,4,10,10,230,11,2,79,13,0,0.4,65.2,1,1,0.372,1
INST_B,PL,Europe,M,BA,Unknown,2024,44,2.5477733868519774,0.0,60,965,96.5,80.62292202317872,41,8,10,10,524,7,2,347,10,3,0.8,96.5,0,0,0.83,1
INST_A,IT,Europe,M,ENG,Unknown,2024,42,2.6868483201963937,0.0,76,1544,154.4,90.46570866601577,60,6,10,10,464,19,2,471,15,2,0.6,154.4,0,1,0.7,1
INST_A,LT,Baltics,F,CS,Unknown,2024,37,2.926518761252852,0.0,65,1687,168.7,100.78806146232466,76,7,10,10,455,21,3,725,26,1,0.7,168.7,0,1,0.714,1
INST_B,DE,Europe,M,BA,Unknown,2024,28,2.976823148709617,0.0,67,1353,135.3,100.59163870709025,41,9,10,10,453,11,3,386,12,3,0.9,135.3,0,1,0.704,1
INST_A,IN,Asia,M,ENG,Unknown,2024,27,3.5069109116903103,0.0,48,1243,124.3,109.32423742651439,43,6,10,10,216,15,3,361,10,2,0.6,124.3,0,0,0.748,1
INST_A,LV,Baltics,F,BA,Unknown,2024,34,2.9159089478879188,0.0,70,1638,163.8,87.07825344035227,36,4,10,10,660,10,1,545,21,2,0.4,163.8,0,1,0.506,1
INST_A,DE,Europe,F,ENG,Unknown,2024,32,3.252917135484425,0.0,67,1463,146.3,112.67657747336449,64,8,10,10,563,13,2,173,25,3,0.8,146.3,1,0,0.574,1
INST_A,EE,Baltics,M,BIO,Unknown,2024,27,2.9405790162261383,0.0,60,1704,170.4,93.17033385746296,53,8,10,10,618,25,3,410,15,1,0.8,170.4,0,0,0.62,1
INST_A,IN,Asia,Other,BA,Unknown,2024,31,3.5739578191709445,0.0,48,1315,131.5,69.46661868200518,59,6,10,10,556,22,1,300,15,2,0.6,131.5,0,1,0.69,1
INST_B,PL,Europe,F,BIO,Unknown,2024,19,2.4980687081912425,0.0,60,1919,191.9,64.22088618371924,51,4,10,10,656,14,1,643,10,2,0.4,191.9,0,1,0.632,1
INST_A,LT,Baltics,F,CS,Unknown,2024,34,2.3926124113888108,0.0,65,2177,217.7,92.59355629128125,62,3,10,10,535,20,0,761,9,1,0.3,217.7,0,1,0.638,1
INST_A,DE,Europe,M,BA,Unknown,2024,21,2.4483690160146647,0.0,67,842,84.2,62.61842114479306,48,5,10,10,185,10,2,250,16,0,0.5,84.2,0,0,0.476,1
INST_B,ES,Europe,M,ENG,Unknown,2024,21,3.855550780181435,0.0,51,1131,113.1,70.02927959075404,71,7,10,10,369,22,2,364,18,2,0.7,113.1,0,1,0.77,1
INST_A,LT,Baltics,F,BA,Unknown,2024,23,2.573176424961114,0.0,65,1276,127.6,57.73156271341815,62,8,10,10,477,19,2,307,17,3,0.8,127.6,0,1,0.696,1
INST_A,IN,Asia,M,ENG,Unknown,2024,33,3.611844146525235,0.0,48,2200,220.0,58.34380858325929,55,3,10,10,620,30,1,745,7,0,0.3,220.0,0,0,0.61,1
INST_B,IT,Europe,F,BIO,Unknown,2024,44,2.919323647815443,0.0,76,1479,147.9,82.83645198689874,54,5,10,10,537,26,1,379,11,1,0.5,147.9,0,1,0.632,1
INST_A,LK,Asia,M,ENG,Unknown,2024,24,2.7468316328480995,0.0,35,1508,150.8,97.19716502495787,76,5,10,10,503,22,0,453,23,2,0.5,150.8,0,1,0.702,1
INST_A,EE,Baltics,M,BIO,Unknown,2024,41,3.160575570819938,0.0,60,1341,134.1,69.00958065531353,69,5,10,10,534,16,1,340,20,2,0.5,134.1,0,1,0.606,1
INST_B,ES,Europe,F,CS,Unknown,2024,22,3.262536020431033,0.0,51,1767,176.7,82.94449281832331,58,8,10,10,592,14,3,279,21,2,0.8,176.7,1,0,0.658,1
INST_B,LV,Baltics,F,ENG,Unknown,2024,28,3.1880476837769955,0.0,70,1849,184.9,104.95125852826476,47,7,10,10,266,21,1,516,5,2,0.7,184.9,0,1,0.756,1
INST_A,LK,Asia,M,BIO,Unknown,2024,28,3.251723300289328,0.0,35,1424,142.4,68.17330855987555,36,6,10,10,345,10,2,410,17,2,0.6,142.4,0,0,0.682,1
INST_B,LV,Baltics,F,ENG,Unknown,2024,23,3.4766517758213906,0.0,70,1626,162.6,92.15711222327518,57,8,10,10,592,9,2,422,24,3,0.8,162.6,0,1,0.816,1
INST_B,DE,Europe,M,CS,Unknown,2024,23,3.3599139904656874,0.0,67,1701,170.1,65.51751250195969,42,8,10,10,435,4,3,471,20,2,0.8,170.1,0,1,0.732,1
INST_B,PL,Europe,F,ENG,Unknown,2024,32,3.72863543163928,0.0,60,2036,203.6,93.58204956079985,63,8,10,10,632,25,3,652,17,3,0.8,203.6,0,1,0.732,1
INST_A,LV,Baltics,M,CS,Unknown,2024,37,1.7359512767141914,0.0,70,1577,157.7,98.89281515301751,72,4,10,10,615,21,0,598,29,2,0.4,157.7,0,1,0.632,1
INST_B,PL,Europe,M,ENG,Unknown,2024,19,3.9361173378182266,0.0,60,1081,108.1,81.61352012177068,40,6,10,10,449,8,3,112,10,2,0.6,108.1,1,1,0.668,1
INST_B,ES,Europe,M,ENG,Unknown,2024,40,2.7315654335646005,0.0,51,1893,189.3,99.56354754627822,60,9,10,10,486,14,3,820,24,3,0.9,189.3,0,1,0.652,1
INST_B,IN,Asia,M,ENG,Unknown,2024,38,2.9217307111424526,0.0,48,1221,122.1,117.85438284406548,55,9,10,10,178,12,3,646,23,3,0.9,122.1,0,1,0.666,1
INST_B,LK,Asia,M,BIO,Unknown,2024,29,3.082343809909859,0.0,35,2128,212.8,83.46762512761725,51,6,10,10,811,16,2,304,22,2,0.6,212.8,1,1,0.64,1
INST_A,LK,Asia,F,ENG,Unknown,2024,40,2.250925204312299,0.0,35,1409,140.9,85.64584701613448,50,5,10,10,246,5,2,636,18,2,0.5,140.9,0,1,0.668,1
INST_A,LK,Asia,F,BA,Unknown,2024,32,3.1531840910424416,0.0,35,1233,123.3,76.00299701693056,54,4,10,10,348,17,1,526,18,3,0.4,123.3,0,1,0.632,1
INST_B,IT,Europe,M,BA,Unknown,2024,34,3.391259090336199,0.0,76,1675,167.5,90.92396090506982,66,5,10,10,302,25,2,526,11,2,0.5,167.5,0,1,0.736,1
INST_A,LT,Baltics,F,BA,Unknown,2024,25,3.180052924616409,0.0,65,1508,150.8,78.4131508244773,77,4,10,10,380,26,1,618,19,1,0.4,150.8,0,1,0.594,1
INST_A,EE,Baltics,M,CS,Unknown,2024,28,2.851596088448575,0.0,60,2009,200.9,63.183067351941695,41,10,10,10,546,18,3,570,11,3,1.0,200.9,0,0,0.568,1
INST_B,ES,Europe,F,BIO,Unknown,2024,38,2.563720445459217,0.0,51,1594,159.4,96.77258564972486,69,8,10,10,396,25,2,715,16,3,0.8,159.4,0,1,0.772,1
INST_A,LK,Asia,Other,ENG,Unknown,2024,41,2.4194014038846725,0.0,35,1636,163.6,80.44625535101059,54,4,10,10,533,18,1,460,15,1,0.4,163.6,0,1,0.588,1
INST_B,IT,Europe,F,ENG,Unknown,2024,18,3.216884561107226,0.0,76,1869,186.9,86.52096727255062,40,7,10,10,512,11,2,379,11,3,0.7,186.9,0,0,0.704,1
INST_B,LK,Asia,M,BIO,Unknown,2024,28,2.9912358758589117,0.0,35,1479,147.9,116.37243850862816,54,6,10,10,70,19,2,572,15,0,0.6,147.9,0,1,0.614,1
INST_A,LT,Baltics,F,CS,Unknown,2024,25,1.7556982065833104,0.0,65,1627,162.7,75.42332383141026,48,6,10,10,338,16,2,722,15,3,0.6,162.7,0,1,0.67,1
INST_A,IT,Europe,F,ENG,Unknown,2024,19,2.6270287251236084,0.0,76,1375,137.5,89.51753397457331,64,6,10,10,410,10,1,286,19,2,0.6,137.5,0,1,0.708,1
INST_A,IN,Asia,F,CS,Unknown,2024,42,2.591570299840881,0.0,48,1263,126.3,72.42475022010393,57,5,10,10,314,12,1,334,22,3,0.5,126.3,0,1,0.472,1
INST_A,IN,Asia,F,BA,Unknown,2024,40,2.7986498532975053,0.0,48,1563,156.3,106.16658817370201,68,6,10,10,433,25,3,555,14,1,0.6,156.3,0,1,0.528,1
INST_B,DE,Europe,M,CS,Unknown,2024,37,2.6565357500691413,0.0,67,837,83.7,74.49392219801857,75,5,10,10,212,21,2,109,28,1,0.5,83.7,0,1,0.616,1
INST_B,PL,Europe,F,CS,Unknown,2024,24,2.800354469125047,0.0,60,1757,175.7,84.70740489735502,56,6,10,10,706,17,3,699,19,2,0.6,175.7,0,1,0.556,1
INST_A,LV,Baltics,M,BA,Unknown,2024,26,2.353010236764615,0.0,70,963,96.3,76.53764505856651,46,5,10,10,497,18,2,285,12,2,0.5,96.3,0,1,0.72,1
INST_A,IN,Asia,M,CS,Unknown,2024,30,2.5131501653477053,0.0,48,1587,158.7,97.10252313920581,65,3,10,10,577,17,0,489,21,2,0.3,158.7,0,1,0.62,1
INST_B,LK,Asia,M,CS,Unknown,2024,27,3.0873059237506024,0.0,35,1931,193.1,78.83379140106523,60,5,10,10,423,18,0,779,22,2,0.5,193.1,0,0,0.604,1
INST_A,LK,Asia,F,CS,Unknown,2024,26,2.14426285534075,0.0,35,1658,165.8,89.87621116476447,48,6,10,10,617,16,2,365,15,1,0.6,165.8,0,1,0.654,1
INST_B,LV,Baltics,F,CS,Unknown,2024,27,2.900060206450846,0.0,70,1865,186.5,101.84219819570536,49,6,10,10,476,17,1,602,6,3,0.6,186.5,0,1,0.764,1
INST_B,LV,Baltics,M,BIO,Unknown,2024,26,3.987445542678679,0.0,70,1523,152.3,90.65202087592361,41,7,10,10,703,12,2,292,8,2,0.7,152.3,1,1,0.798,1
INST_B,IN,Asia,M,BA,Unknown,2024,20,4.0,0.0,48,1380,138.0,90.5612131838644,35,4,10,10,473,1,1,507,15,1,0.4,138.0,0,1,0.738,1
INST_A,IN,Asia,M,BA,Unknown,2024,39,2.139603241459384,0.0,48,1554,155.4,105.35042055497979,53,6,10,10,334,25,1,684,7,2,0.6,155.4,0,1,0.578,1
INST_A,LT,Baltics,M,CS,Unknown,2024,23,2.9270282705023583,0.0,65,1965,196.5,86.90895619363212,63,6,10,10,561,32,2,794,7,2,0.6,196.5,0,0,0.718,1
INST_B,DE,Europe,M,BIO,Unknown,2024,28,2.88099413856006,0.0,67,1926,192.6,75.69412130410129,77,5,10,10,660,29,2,339,20,1,0.5,192.6,0,1,0.686,1
INST_A,IN,Asia,M,CS,Unknown,2024,27,1.4683154448261682,0.0,48,1611,161.1,107.71717081732554,48,8,10,10,369,10,3,313,14,2,0.8,161.1,0,1,0.688,1
INST_B,PL,Europe,F,BA,Unknown,2024,22,2.7953748466949087,0.0,60,1288,128.8,79.45620736537133,59,6,10,10,454,25,2,385,11,2,0.6,128.8,0,1,0.742,1
INST_A,LK,Asia,F,ENG,Unknown,2024,33,2.380586888137644,0.0,35,1561,156.1,95.4154075608337,59,6,10,10,464,15,2,336,16,2,0.6,156.1,0,1,0.716,1
INST_B,LK,Asia,M,BIO,Unknown,2024,30,3.8925639009829447,0.0,35,1750,175.0,92.6030957005938,45,6,10,10,598,9,1,411,9,3,0.6,175.0,0,1,0.594,1
INST_B,DE,Europe,M,ENG,Unknown,2024,40,2.7401140246232,0.0,67,1525,152.5,75.16685144101459,49,6,10,10,507,11,1,401,20,2,0.6,152.5,0,1,0.736,1
INST_B,IT,Europe,F,ENG,Unknown,2024,31,3.5794004303170057,0.0,76,1406,140.6,83.01164576933367,71,8,10,10,440,25,3,437,17,2,0.8,140.6,0,1,0.792,1
INST_A,DE,Europe,F,BIO,Unknown,2024,22,3.7428014896494206,0.0,67,1576,157.6,77.38676315178915,39,5,10,10,314,19,0,523,11,2,0.5,157.6,0,1,0.554,1
INST_B,IN,Asia,F,CS,Unknown,2024,26,2.880143110734599,0.0,48,1488,148.8,97.52241907490924,56,4,10,10,369,12,0,640,11,2,0.4,148.8,0,1,0.772,1
INST_A,IT,Europe,F,ENG,Unknown,2024,22,2.3094649610020204,0.0,76,1354,135.4,81.94605271491456,66,6,10,10,593,18,3,353,21,2,0.6,135.4,0,0,0.746,1
INST_B,LK,Asia,M,CS,Unknown,2024,38,2.8048973529167345,0.0,35,1232,123.2,71.92712361210553,55,6,10,10,416,22,3,295,16,1,0.6,123.2,0,1,0.66,1
INST_B,IN,Asia,F,ENG,Unknown,2024,35,2.4193448976387018,0.0,48,1714,171.4,100.62051922390825,75,7,10,10,635,23,3,659,20,1,0.7,171.4,0,1,0.676,1
INST_A,IN,Asia,F,CS,Unknown,2024,33,2.47857107633836,0.0,48,1196,119.6,93.47869632524122,68,7,10,10,422,17,2,355,29,3,0.7,119.6,0,0,0.652,1
INST_B,DE,Europe,F,BA,Unknown,2024,21,3.014875372329431,0.0,67,1491,149.1,104.03039085874003,55,8,10,10,464,19,2,323,17,3,0.8,149.1,0,0,0.774,1
INST_B,IT,Europe,M,BIO,Unknown,2024,43,2.750903788282815,0.0,76,940,94.0,65.9123997776173,54,5,10,10,247,18,3,322,21,1,0.5,94.0,0,1,0.768,1
INST_A,LV,Baltics,M,ENG,Unknown,2024,34,2.695019177971493,0.0,70,1311,131.1,101.50145045487993,70,5,10,10,516,21,2,302,22,1,0.5,131.1,0,1,0.704,1
INST_A,LT,Baltics,M,ENG,Unknown,2024,23,2.6920359472700164,0.0,65,1535,153.5,111.83643810891371,72,6,10,10,462,18,2,388,26,0,0.6,153.5,0,1,0.69,1
INST_B,LK,Asia,M,ENG,Unknown,2024,36,2.118940993763728,0.0,35,1566,156.6,97.70954690077912,61,3,10,10,355,20,1,582,22,2,0.3,156.6,0,1,0.46,1
INST_A,IT,Europe,M,CS,Unknown,2024,32,3.4602224084183337,0.0,76,1427,142.7,92.81528849159378,59,5,10,10,453,13,2,359,23,1,0.5,142.7,0,1,0.644,1
INST_A,IT,Europe,F,BIO,Unknown,2024,39,2.1040964285398207,0.0,76,1798,179.8,90.80846754448497,54,9,10,10,549,15,2,584,15,3,0.9,179.8,0,0,0.732,1
INST_B,IN,Asia,F,BIO,Unknown,2024,21,2.851045842857345,0.0,48,1460,146.0,93.47132656001459,45,8,10,10,658,13,2,455,8,2,0.8,146.0,0,1,0.824,1
INST_B,IT,Europe,M,CS,Unknown,2024,21,3.371413669977777,0.0,76,1799,179.9,94.47098319942832,53,7,10,10,537,18,3,487,16,2,0.7,179.9,0,1,0.706,1
INST_B,PL,Europe,F,CS,Unknown,2024,33,2.882535285875864,0.0,60,1284,128.4,74.68630694072672,58,5,10,10,311,15,1,337,26,2,0.5,128.4,0,1,0.684,1
INST_A,LK,Asia,F,CS,Unknown,2024,31,2.953995238427357,0.0,35,1329,132.9,93.79818761575301,53,8,10,10,260,28,2,577,10,2,0.8,132.9,0,1,0.738,1
INST_A,LV,Baltics,F,ENG,Unknown,2024,34,3.454395961652879,0.0,70,1415,141.5,93.11193980007792,44,7,10,10,585,8,2,254,16,2,0.7,141.5,1,0,0.708,1
INST_B,LV,Baltics,M,ENG,Unknown,2024,23,3.0734375865609094,0.0,70,1814,181.4,88.73205608897935,64,6,10,10,465,29,1,445,8,1,0.6,181.4,0,1,0.762,1
INST_B,ES,Europe,F,BA,Unknown,2024,34,3.3303364565011253,0.0,51,1691,169.1,67.21185411319443,52,7,10,10,764,12,2,430,12,3,0.7,169.1,0,1,0.612,1
INST_A,EE,Baltics,M,BA,Unknown,2024,43,3.388114523003093,0.0,60,1923,192.3,110.2835234999116,57,5,10,10,303,13,2,724,14,1,0.5,192.3,0,0,0.506,1
INST_B,LK,Asia,M,ENG,Unknown,2024,26,3.2194863202090924,0.0,35,1623,162.3,73.31370949556432,33,8,10,10,553,13,3,506,4,2,0.8,162.3,0,1,0.666,1
INST_A,IN,Asia,M,CS,Unknown,2024,27,2.233346272958145,0.0,48,1319,131.9,75.94508249752288,61,5,10,10,627,26,3,191,15,1,0.5,131.9,1,0,0.578,1
INST_B,ES,Europe,M,BIO,Unknown,2024,44,3.76315159999322,0.0,51,1150,115.0,79.77607550025397,65,7,10,10,338,27,2,523,21,3,0.7,115.0,0,0,0.754,1
INST_A,EE,Baltics,M,CS,Unknown,2024,29,2.901684322715956,0.0,60,1592,159.2,69.6639552901403,47,6,10,10,606,20,1,488,8,1,0.6,159.2,0,0,0.63,1
INST_B,LV,Baltics,M,BA,Unknown,2024,43,3.1569825762496078,0.0,70,1836,183.6,95.6233351343814,47,7,10,10,493,16,2,717,16,3,0.7,183.6,0,1,0.756,1
INST_A,DE,Europe,M,ENG,Unknown,2024,32,3.447405783541668,0.0,67,1697,169.7,90.44095679871297,54,5,10,10,699,14,1,480,18,1,0.5,169.7,0,1,0.61,1
INST_A,EE,Baltics,F,CS,Unknown,2024,36,1.7142298186496625,0.0,60,1310,131.0,104.22624962604723,45,5,10,10,311,10,1,435,9,1,0.5,131.0,0,1,0.73,1
INST_A,LK,Asia,F,BA,Unknown,2024,21,3.4229739573902918,0.0,35,1372,137.2,118.25283647056139,39,4,10,10,520,13,0,385,1,1,0.4,137.2,0,1,0.588,1
INST_B,IT,Europe,F,BA,Unknown,2024,41,3.017353033571061,0.0,76,1551,155.1,76.56144953927894,53,8,10,10,569,23,1,579,19,3,0.8,155.1,0,1,0.684,1
INST_B,LV,Baltics,F,CS,Unknown,2024,29,3.2999133877303257,0.0,70,1725,172.5,92.23671238238661,50,6,10,10,619,11,2,605,16,2,0.6,172.5,0,1,0.806,1
INST_A,EE,Baltics,M,BIO,Unknown,2024,44,3.314326212133967,0.0,60,1311,131.1,89.08728553752462,57,5,10,10,412,17,1,544,14,3,0.5,131.1,0,1,0.632,1
INST_A,LK,Asia,M,BIO,Unknown,2024,38,3.593502598913873,0.0,35,1716,171.6,95.37085508686603,56,6,10,10,680,17,2,480,12,1,0.6,171.6,0,1,0.626,1
INST_A,IN,Asia,M,BIO,Unknown,2024,26,3.049820888883373,0.0,48,1368,136.8,58.225233170660445,48,6,10,10,342,15,0,519,11,3,0.6,136.8,0,1,0.756,1
INST_A,LT,Baltics,F,CS,Unknown,2024,24,2.62339136588365,0.0,65,1501,150.1,71.24207558271539,56,8,10,10,563,13,2,399,17,3,0.8,150.1,0,1,0.55,1
INST_A,IN,Asia,M,BA,Unknown,2024,18,2.8556076676174023,0.0,48,1549,154.9,85.42241444075957,63,5,10,10,352,22,2,473,24,1,0.5,154.9,0,0,0.464,1
INST_A,LV,Baltics,M,CS,Unknown,2024,31,1.6862130597313256,0.0,70,1460,146.0,99.73520497352533,48,6,10,10,445,15,2,587,12,2,0.6,146.0,0,0,0.808,1
INST_A,DE,Europe,F,BA,Unknown,2024,27,1.9897471491667689,0.0,67,1006,100.6,81.36365554991028,59,6,10,10,299,11,2,261,21,2,0.6,100.6,0,1,0.478,1
INST_B,IT,Europe,F,BIO,Unknown,2024,20,3.45032354142772,0.0,76,1640,164.0,90.94687093756076,61,9,10,10,287,20,3,674,14,2,0.9,164.0,0,1,0.686,1
INST_B,LV,Baltics,M,BIO,Unknown,2024,22,2.8787516039609837,0.0,70,1495,149.5,94.80652813903576,59,9,10,10,485,17,3,614,21,3,0.9,149.5,0,0,0.762,1
INST_A,LT,Baltics,F,BA,Unknown,2024,28,2.8405332904484943,0.0,65,1192,119.2,97.82274218651249,57,5,10,10,451,26,3,474,14,1,0.5,119.2,0,0,0.614,1
INST_B,DE,Europe,M,ENG,Unknown,2024,32,2.9545519299589307,0.0,67,903,90.3,77.24858862428779,65,9,10,10,184,8,3,321,27,3,0.9,90.3,0,1,0.81,1
INST_A,LT,Baltics,F,BIO,Unknown,2024,41,3.1060832293680645,0.0,65,1511,151.1,80.14077891089183,23,6,10,10,329,5,2,557,8,1,0.6,151.1,0,1,0.536,1
INST_A,DE,Europe,F,BA,Unknown,2024,34,3.596893972537478,0.0,67,1743,174.3,71.37389812342697,55,6,10,10,583,14,1,580,16,2,0.6,174.3,0,1,0.606,1
INST_B,LK,Asia,F,CS,Unknown,2024,24,2.378770756271296,0.0,35,1663,166.3,75.41595763939264,77,8,10,10,479,22,2,500,20,3,0.8,166.3,0,0,0.68,1
INST_B,IT,Europe,M,CS,Unknown,2024,33,2.2648921889512605,0.0,76,1565,156.5,88.69579721973552,43,6,10,10,455,4,3,523,15,2,0.6,156.5,0,0,0.738,1
INST_A,LV,Baltics,F,CS,Unknown,2024,27,2.758120728542717,0.0,70,1388,138.8,95.84455006821086,55,4,10,10,338,18,0,547,19,2,0.4,138.8,0,0,0.614,1
INST_A,IT,Europe,M,BIO,Unknown,2024,30,1.650660901318603,0.0,76,1486,148.6,80.0544259308073,64,8,10,10,538,20,3,401,19,2,0.8,148.6,0,0,0.682,1
INST_A,EE,Baltics,F,CS,Unknown,2024,20,3.2601203759974364,0.0,60,1417,141.7,77.32191007584964,71,7,10,10,259,21,2,538,15,2,0.7,141.7,0,0,0.63,1
INST_A,LT,Baltics,F,ENG,Unknown,2024,22,4.0,0.0,65,1442,144.2,87.34961680256848,78,8,10,10,292,28,3,504,24,3,0.8,144.2,0,0,0.632,1
INST_A,LV,Baltics,M,BA,Unknown,2024,34,1.083088977939596,0.0,70,1338,133.8,78.35786849803634,72,8,10,10,594,31,2,365,20,3,0.8,133.8,0,0,0.604,1
INST_B,ES,Europe,F,CS,Unknown,2024,32,3.424203224481419,0.0,51,1218,121.8,104.58999314784693,46,5,10,10,295,15,2,554,11,0,0.5,121.8,0,0,0.758,1
INST_A,LV,Baltics,F,CS,Unknown,2024,36,2.966175205131619,0.0,70,1677,167.7,81.72997546120327,64,4,10,10,491,15,0,424,23,3,0.4,167.7,0,0,0.5,1
INST_B,DE,Europe,M,BIO,Unknown,2024,23,2.9680071721857173,0.0,67,2020,202.0,74.0,64,7,10,10,665,20,2,405,20,2,0.7,202.0,0,0,0.686,1
INST_B,IT,Europe,F,BA,Unknown,2024,37,3.5934456722995405,0.0,76,1209,120.9,78.03054957301445,66,7,10,10,614,11,2,300,30,1,0.7,120.9,1,1,0.674,1
INST_B,IN,Asia,M,ENG,Unknown,2024,26,2.426518635866785,0.0,48,1327,132.7,94.68198232915162,47,9,10,10,483,15,3,401,14,2,0.9,132.7,0,1,0.758,1
INST_B,IN,Asia,F,BA,Unknown,2024,37,2.4359266314539667,0.0,48,1894,189.4,72.67767500714675,54,6,10,10,566,11,2,654,18,2,0.6,189.4,0,1,0.644,1
INST_B,DE,Europe,M,CS,Unknown,2024,24,2.9034196615306858,0.0,67,1742,174.2,91.65490833677279,64,8,10,10,702,26,3,272,10,3,0.8,174.2,1,1,0.688,1
INST_B,PL,Europe,F,CS,Unknown,2024,30,3.153705383247012,0.0,60,1869,186.9,64.72411537526884,48,8,10,10,616,16,3,546,15,1,0.8,186.9,0,1,0.602,1
INST_B,LK,Asia,M,CS,Unknown,2024,43,3.16495144079698,0.0,35,1479,147.9,97.33270547742704,51,4,10,10,283,15,2,541,11,0,0.4,147.9,0,1,0.594,1
INST_A,LV,Baltics,M,ENG,Unknown,2024,24,2.6534026868922824,0.0,70,1350,135.0,83.35333093390916,48,3,10,10,485,16,2,168,8,0,0.3,135.0,1,0,0.632,1
INST_A,LK,Asia,F,CS,Unknown,2024,32,3.0152776503437524,0.0,35,1673,167.3,69.58775435057201,53,7,10,10,511,13,2,561,20,2,0.7,167.3,0,1,0.624,1
INST_B,LV,Baltics,F,CS,Unknown,2024,24,2.136517257211767,0.0,70,1365,136.5,92.82031626271863,37,6,10,10,644,6,2,428,15,3,0.6,136.5,0,1,0.792,1
INST_B,LK,Asia,M,BA,Unknown,2024,20,2.8945851433219163,0.0,35,1431,143.1,82.23739349522752,63,6,10,10,391,14,3,467,29,1,0.6,143.1,0,1,0.568,1
INST_B,ES,Europe,M,ENG,Unknown,2024,18,2.3278025983583475,0.0,51,1714,171.4,78.79537493477083,72,8,10,10,472,24,2,530,30,3,0.8,171.4,0,1,0.646,1
INST_B,DE,Europe,F,BA,Unknown,2024,26,3.45970639587005,0.0,67,1356,135.6,95.00666643276494,50,6,10,10,409,4,1,464,20,2,0.6,135.6,0,0,0.788,1
INST_A,LV,Baltics,F,BA,Unknown,2024,33,3.4738567782649232,0.0,70,1679,167.9,102.77856456155308,57,9,10,10,625,18,3,513,19,3,0.9,167.9,0,1,0.516,1
INST_A,EE,Baltics,M,ENG,Unknown,2024,27,2.75799228471232,0.0,60,1845,184.5,79.8752499561382,59,5,10,10,384,18,2,627,21,0,0.5,184.5,0,0,0.526,1
INST_B,IT,Europe,M,ENG,Unknown,2024,25,3.5244518575857917,0.0,76,996,99.6,65.6949177807707,81,4,10,10,231,18,2,348,22,1,0.4,99.6,0,1,0.766,1
INST_A,DE,Europe,F,ENG,Unknown,2024,33,2.766135341867736,0.0,67,1420,142.0,102.05336294747414,62,6,10,10,493,23,3,539,18,2,0.6,142.0,0,1,0.67,1
INST_A,DE,Europe,F,CS,Unknown,2024,24,2.400473373327738,0.0,67,1874,187.4,83.96586608060841,64,7,10,10,743,21,2,488,13,3,0.7,187.4,0,0,0.664,1
INST_A,EE,Baltics,F,BA,Unknown,2024,41,3.713020271642175,0.0,60,1052,105.2,105.72690186408461,54,6,10,10,574,10,2,266,11,2,0.6,105.2,1,0,0.706,1
INST_B,LV,Baltics,M,BA,Unknown,2024,30,2.429392377219589,0.0,70,1915,191.5,45.7802723160679,44,10,10,10,459,10,3,583,22,3,1.0,191.5,0,1,0.732,1
INST_B,LK,Asia,M,BA,Unknown,2024,30,3.943670473127973,0.0,35,1360,136.0,105.84684953060982,48,7,10,10,194,18,1,593,14,2,0.7,136.0,0,1,0.8,1
INST_A,LT,Baltics,F,ENG,Unknown,2024,37,2.5391803157661195,0.0,65,1848,184.8,83.3290665574344,53,7,10,10,800,16,2,623,19,2,0.7,184.8,0,0,0.482,1
INST_A,IN,Asia,M,CS,Unknown,2024,22,2.208255933690041,0.0,48,1374,137.4,60.41743677670103,53,4,10,10,506,13,1,267,17,2,0.4,137.4,0,0,0.68,1
INST_A,EE,Baltics,F,BA,Unknown,2024,28,2.8613539957884493,0.0,60,1512,151.2,106.59768602866887,65,6,10,10,523,20,1,532,22,2,0.6,151.2,0,1,0.55,1
INST_B,IT,Europe,F,BIO,Unknown,2024,20,2.843028772626074,0.0,76,1428,142.8,107.5905819917958,35,8,10,10,295,14,1,438,11,3,0.8,142.8,0,1,0.72,1
INST_B,IN,Asia,F,BA,Unknown,2024,26,3.8711569230981167,0.0,48,1268,126.8,96.39479008512625,65,5,10,10,549,17,1,125,23,1,0.5,126.8,1,1,0.71,1
INST_A,LK,Asia,M,CS,Unknown,2024,42,1.71387200734791,0.0,35,1163,116.3,76.10964313263976,55,10,10,10,340,19,3,440,11,3,1.0,116.3,0,1,0.656,1
INST_B,PL,Europe,M,CS,Unknown,2024,39,3.382054111841887,0.0,60,1349,134.9,108.37942609185565,52,6,10,10,375,4,1,319,13,3,0.6,134.9,0,1,0.72,1
INST_B,ES,Europe,F,ENG,Unknown,2024,18,2.865883400233366,0.0,51,1871,187.1,101.98414909517395,66,3,10,10,612,15,1,523,17,2,0.3,187.1,0,0,0.728,1
INST_A,DE,Europe,M,BA,Unknown,2024,21,2.250864567308005,0.0,67,1214,121.4,81.55461700943458,48,5,10,10,372,16,3,454,18,1,0.5,121.4,0,0,0.58,1
INST_B,IT,Europe,M,CS,Unknown,2024,29,3.0590048765645617,0.0,76,1079,107.9,82.93699080895355,76,8,10,10,560,32,2,244,20,3,0.8,107.9,1,1,0.65,1
INST_A,IN,Asia,Other,BA,Unknown,2024,35,3.4134443352162838,0.0,48,1528,152.8,108.940146665752,46,3,10,10,248,14,0,273,12,0,0.3,152.8,0,0,0.502,1
INST_B,PL,Europe,M,ENG,Unknown,2024,34,2.8746405436388622,0.0,60,1690,169.0,84.4419590277514,71,5,10,10,653,7,1,287,27,2,0.5,169.0,1,1,0.632,1
INST_A,LV,Baltics,M,BIO,Unknown,2024,32,2.3593673455652198,0.0,70,1516,151.6,83.9989417922763,60,4,10,10,529,12,1,497,26,2,0.4,151.6,0,1,0.668,1
INST_B,LK,Asia,F,BA,Unknown,2024,23,2.928213676680918,0.0,35,1097,109.7,89.87404766919339,45,4,10,10,367,11,2,299,13,0,0.4,109.7,0,1,0.692,1
INST_B,IT,Europe,M,BIO,Unknown,2024,40,2.983436970318995,0.0,76,1589,158.9,75.53431891089859,56,6,10,10,402,19,2,468,23,2,0.6,158.9,0,0,0.596,1
INST_A,LT,Baltics,F,BIO,Unknown,2024,36,2.8080133549262034,0.0,65,1253,125.3,83.46263302287504,47,8,10,10,260,15,2,286,17,2,0.8,125.3,0,0,0.496,1
INST_B,DE,Europe,M,CS,Unknown,2024,43,3.111449581501919,0.0,67,1406,140.6,68.07708049622053,57,8,10,10,378,22,2,446,24,2,0.8,140.6,0,1,0.714,1
INST_A,DE,Europe,M,ENG,Unknown,2024,21,2.920806911928953,0.0,67,1328,132.8,97.05645550686238,66,5,10,10,421,18,1,394,20,2,0.5,132.8,0,1,0.674,1
INST_B,ES,Europe,M,BA,Unknown,2024,19,2.608961063165819,0.0,51,1299,129.9,82.0751011100335,52,7,10,10,391,15,2,406,9,3,0.7,129.9,0,1,0.766,1
INST_A,DE,Europe,M,ENG,Unknown,2024,26,2.7430208136443968,0.0,67,1758,175.8,102.1532617633372,51,6,10,10,696,12,3,479,21,1,0.6,175.8,0,1,0.632,1
INST_B,IN,Asia,M,CS,Unknown,2024,23,3.372204366848857,0.0,48,1210,121.0,87.1907232578227,52,7,10,10,172,22,1,470,12,3,0.7,121.0,0,1,0.716,1
INST_A,LV,Baltics,Other,CS,Unknown,2024,40,3.267921767513666,0.0,70,1474,147.4,104.97957473295035,69,5,10,10,356,16,2,534,18,2,0.5,147.4,0,1,0.626,1
INST_B,ES,Europe,F,BIO,Unknown,2024,22,2.6337479723380253,0.0,51,1932,193.2,81.57314372866708,65,2,10,10,566,17,1,642,17,0,0.2,193.2,0,0,0.658,1
INST_A,EE,Baltics,M,BIO,Unknown,2024,37,2.5039190745076745,0.0,60,1104,110.4,91.7559565126731,69,8,10,10,568,29,3,328,16,2,0.8,110.4,0,1,0.59,1
INST_A,LV,Baltics,M,CS,Unknown,2024,41,2.2459121320400177,0.0,70,1159,115.9,72.09322668138341,62,6,10,10,481,19,3,193,18,1,0.6,115.9,1,0,0.488,1
INST_A,DE,Europe,M,ENG,Unknown,2024,19,2.5040668926964536,0.0,67,1211,121.1,91.81557602062952,55,6,10,10,110,7,2,631,16,1,0.6,121.1,0,0,0.6,1
INST_B,DE,Europe,F,ENG,Unknown,2024,32,2.9858433321738667,0.0,67,1464,146.4,91.10823843709805,34,6,10,10,500,10,2,475,8,2,0.6,146.4,0,0,0.834,1
INST_A,DE,Europe,M,CS,Unknown,2024,25,3.091056321098268,0.0,67,1383,138.3,97.33909800280667,58,8,10,10,383,20,3,470,18,2,0.8,138.3,0,0,0.674,1
INST_A,DE,Europe,F,CS,Unknown,2024,40,2.810400777490784,0.0,67,1646,164.6,71.35856251666259,69,9,10,10,485,26,2,626,21,3,0.9,164.6,0,1,0.578,1
INST_B,LK,Asia,F,CS,Unknown,2024,37,3.5840016926632954,0.0,35,1343,134.3,88.56516746943399,46,5,10,10,510,20,2,354,20,0,0.5,134.3,0,0,0.704,1
INST_B,ES,Europe,M,ENG,Unknown,2024,23,2.88115818079736,0.0,51,1321,132.1,96.33096882911309,63,5,10,10,313,20,1,163,17,2,0.5,132.1,0,0,0.61,1
INST_A,LK,Asia,F,CS,Unknown,2024,28,2.485736332875258,0.0,35,1062,106.2,86.81500126386248,59,4,10,10,440,9,2,351,17,0,0.4,106.2,0,1,0.736,1
INST_B,IT,Europe,F,CS,Unknown,2024,30,3.5941749603026745,0.0,76,1577,157.7,71.64891252954693,65,8,10,10,514,15,2,447,13,2,0.8,157.7,0,0,0.666,1
INST_B,LK,Asia,F,BA,Unknown,2024,35,3.334911710458219,0.0,35,1036,103.6,94.6622064676993,59,7,10,10,401,12,3,289,12,2,0.7,103.6,0,0,0.856,1
INST_A,LV,Baltics,M,BIO,Unknown,2024,38,2.805503948909277,0.0,70,1459,145.9,87.9007647546052,62,5,10,10,313,26,1,383,20,2,0.5,145.9,0,1,0.716,1
INST_B,ES,Europe,M,BIO,Unknown,2024,37,3.229915153232413,0.0,51,1383,138.3,92.07611585591081,58,9,10,10,235,12,2,681,19,3,0.9,138.3,0,1,0.74,1
INST_A,DE,Europe,F,CS,Unknown,2024,18,2.2823199882560377,0.0,67,1772,177.2,96.89948973607194,48,5,10,10,510,18,1,394,19,3,0.5,177.2,0,0,0.546,1
INST_A,EE,Baltics,F,BA,Unknown,2024,22,3.484487673616828,0.0,60,1412,141.2,92.78625377117501,59,3,10,10,506,17,1,457,15,0,0.3,141.2,0,1,0.638,1
INST_A,DE,Europe,F,BIO,Unknown,2024,43,2.402095749617941,0.0,67,1025,102.5,76.36498615930677,41,7,10,10,281,11,2,195,16,2,0.7,102.5,0,1,0.588,1
INST_A,LV,Baltics,F,BA,Unknown,2024,29,3.1686640737354845,0.0,70,1479,147.9,107.78007443142933,69,8,10,10,206,25,3,704,13,2,0.8,147.9,0,1,0.67,1
INST_B,IN,Asia,M,BIO,Unknown,2024,28,2.37026439781197,0.0,48,1305,130.5,97.26624400182328,62,6,10,10,504,19,1,318,13,3,0.6,130.5,0,1,0.762,1
INST_B,PL,Europe,M,BIO,Unknown,2024,19,3.08814631054823,0.0,60,1350,135.0,83.6925590745345,56,8,10,10,571,15,2,218,9,2,0.8,135.0,1,1,0.732,1
INST_B,IN,Asia,M,ENG,Unknown,2024,43,3.821424084426592,0.0,48,1552,155.2,56.74465221988373,65,5,10,10,461,19,1,541,25,2,0.5,155.2,0,1,0.584,1
INST_A,DE,Europe,M,BA,Unknown,2024,34,3.130554628536124,0.0,67,1566,156.6,96.66804596717112,61,6,10,10,511,18,2,345,16,2,0.6,156.6,0,0,0.588,1
INST_B,IT,Europe,F,ENG,Unknown,2024,33,3.032584533182116,0.0,76,972,97.2,72.03363411937818,50,5,10,10,362,9,2,252,18,1,0.5,97.2,0,1,0.738,1
INST_B,DE,Europe,F,ENG,Unknown,2024,43,2.423492309033685,0.0,67,1667,166.7,95.15957358271653,36,7,10,10,538,9,3,436,12,2,0.7,166.7,0,1,0.736,1
INST_A,IT,Europe,F,BA,Unknown,2024,42,2.326008187679438,0.0,76,1301,130.1,87.48771342308588,71,8,10,10,257,17,3,363,22,2,0.8,130.1,0,0,0.566,1
INST_A,LV,Baltics,F,CS,Unknown,2024,31,2.153450051437772,0.0,70,1746,174.6,107.03914133520401,66,8,10,10,573,25,3,596,20,2,0.8,174.6,0,1,0.656,1
INST_B,LV,Baltics,M,BA,Unknown,2024,39,3.758012562274762,0.0,70,1230,123.0,86.8408506023135,53,7,10,10,330,11,3,428,23,2,0.7,123.0,0,1,0.806,1
INST_A,IT,Europe,M,BIO,Unknown,2024,31,2.5743374856642505,0.0,76,1621,162.1,89.57734088484654,58,8,10,10,575,14,3,226,24,3,0.8,162.1,1,1,0.662,1
INST_B,IT,Europe,F,BIO,Unknown,2024,35,2.3374701835873237,0.0,76,1179,117.9,82.7290759044243,53,8,10,10,222,3,3,557,19,3,0.8,117.9,0,1,0.658,1
INST_A,LV,Baltics,M,BIO,Unknown,2024,26,3.4273840721255597,0.0,70,1436,143.6,82.8951144519386,47,5,10,10,232,17,1,465,2,1,0.5,143.6,0,0,0.622,1
INST_A,EE,Baltics,M,CS,Unknown,2024,26,2.9943941537632863,0.0,60,1524,152.4,54.1463038648274,64,5,10,10,497,12,1,363,19,2,0.5,152.4,0,1,0.674,1
INST_B,DE,Europe,F,BA,Unknown,2024,40,3.595262352477821,0.0,67,1974,197.4,85.96407518389424,50,5,10,10,736,14,2,463,18,1,0.5,197.4,0,1,0.518,1
INST_A,LK,Asia,F,BIO,Unknown,2024,38,3.2055873134841537,0.0,35,1377,137.7,81.24729055311458,62,8,10,10,502,16,3,454,12,3,0.8,137.7,0,0,0.682,1
INST_A,LV,Baltics,F,CS,Unknown,2024,44,2.756069005609707,0.0,70,1489,148.9,78.11451707447071,57,7,10,10,355,19,3,438,19,2,0.7,148.9,0,0,0.694,1
INST_B,IT,Europe,M,CS,Unknown,2024,28,3.0319421127516657,0.0,76,1340,134.0,89.67100361258866,56,4,10,10,437,10,1,226,14,2,0.4,134.0,0,0,0.692,1
INST_B,LV,Baltics,F,BIO,Unknown,2024,31,2.9518090932207564,0.0,70,1297,129.7,95.08364738481586,50,4,10,10,470,24,2,394,7,1,0.4,129.7,0,1,0.746,1
INST_B,ES,Europe,F,BA,Unknown,2024,37,3.62081863144937,0.0,51,917,91.7,77.82180499919886,57,7,10,10,439,20,3,299,14,1,0.7,91.7,0,0,0.838,1
INST_B,DE,Europe,F,CS,Unknown,2024,29,3.0051433636687377,0.0,67,1640,164.0,93.35713982098828,61,6,10,10,683,21,2,476,15,1,0.6,164.0,0,1,0.696,1
INST_A,LK,Asia,F,BA,Unknown,2024,37,2.539823508907487,0.0,35,1658,165.8,57.75965527751856,57,7,10,10,536,16,2,305,17,3,0.7,165.8,0,1,0.672,1
INST_A,IT,Europe,F,ENG,Unknown,2024,33,2.64447444441095,0.0,76,1259,125.9,82.42498272840449,52,7,10,10,477,16,2,511,21,3,0.7,125.9,0,1,0.69,1
